aar,dim_pe,distr_id,ejer,forb_id,forb_medie,godk_pe,ho_id,i_link,i_program,indsats,komm_navn,komm_nr,link,mst_id,pkt_id,pkt_navn,pkt_type,ren_ind_ky,ren_ind_so,rens_fr,rens_sta,udl_bi_ba,udl_bi_sta,udl_co_ba,udl_co_sta,udl_tn_ba,udl_tn_sta,udl_tp_ba,udl_tp_sta,udl_va_ba,udl_va_sta,vandomr_id,x_koord,y_koord
2017-21 gennemsnit,15000,999,,,,15000,999,,,,Tønder kommune,550,,00167CA8-4400-4630-80B7-7028395CD0A1,00167CA8-4400-4630-80B7-7028395CD0A1,SKÆRBÆK,Renseanlæg,-,-,,MBNK,3977.6271824,3977.6271824,28033.016004,28033.016004,11092.6155458,11092.6155458,374.81393926,374.81393926,946374.4,946374.4,,483567,6110253
2017-21 gennemsnit,30,999,,,,30,999,,,,Slagelse kommune,330,,004A215C-79D3-4273-83C3-3C7B03EEAB20,004A215C-79D3-4273-83C3-3C7B03EEAB20,VESTERMOSE SKOLE,Renseanlæg,-,-,,MBN,63.9615,63.9615,260.285,260.285,131.265,131.265,19.909,19.909,2452.8,2452.8,,652399.000000214,6149303.99999795
2017-21 gennemsnit,7500,999,,,,7500,999,,,,Herning kommune,657,,0061D39A-23F8-4D9A-B21E-E0622D241F6D,0061D39A-23F8-4D9A-B21E-E0622D241F6D,Aulum,Renseanlæg,-,-,,MBNK,2519.1540702,2519.1540702,19324.382152,19324.382152,2778.483582,2778.483582,211.61948416,211.61948416,593977.4,593977.4,,487774,6236204
2017-21 gennemsnit,250,999,,,,250,999,,,,Kalundborg kommune,326,,0080C78F-226B-41DC-BAA5-E981A18230DB,0080C78F-226B-41DC-BAA5-E981A18230DB,MULLERUP HAVN,Renseanlæg,-,-,,Mekanisk rens.,461.18,461.18,945,945,110.12,110.12,18.576,18.576,2452.8,2452.8,,637423.409891815,6151758.43251723
2017-21 gennemsnit,100000,999,,,,100000,999,,,,Køge kommune,259,,00931F13-5E1C-420C-ADE3-CAB8BDD6F670,00931F13-5E1C-420C-ADE3-CAB8BDD6F670,Køge-Egnens Renseanlæg I/S,Renseanlæg,-,-,,MBNDK,12794.134436,12794.134436,165467.44864,165467.44864,24596.584364,24596.584364,2643.486727,2643.486727,5812459.8,5812459.8,,703327.000000285,6154031.99998839
2017-21 gennemsnit,12000,999,,,,12000,999,,,,Vordingborg kommune,390,,00E843BC-0A61-49EC-A3EF-40FF2D8003B9,00E843BC-0A61-49EC-A3EF-40FF2D8003B9,Præstø Renseanlæg,Renseanlæg,-,-,,MBNDK,2619.5270114,2619.5270114,20351.585658,20351.585658,2516.0390414,2516.0390414,301.19171248,301.19171248,783902.4,783902.4,,694605.00000042,6112729.99999152
2017-21 gennemsnit,105000,999,,,,105000,999,,,,Svendborg kommune,479,,01AB73B0-726E-4FC7-A5C1-256BB91575A8,01AB73B0-726E-4FC7-A5C1-256BB91575A8,Egsmade Renseanlæg,Renseanlæg,-,-,,MBNDK,11627.034462,11627.034462,120737.20022,120737.20022,19854.904916,19854.904916,2185.6993024,2185.6993024,6129803.8,6129803.8,,611610.000000052,6103595.9999997
2017-21 gennemsnit,48000,999,,,,48000,999,,,,Gribskov kommune,270,,0275596E-5DA9-4F0C-9F5E-994F62CF0668,0275596E-5DA9-4F0C-9F5E-994F62CF0668,Gilleleje,Renseanlæg,-,-,,MBNDKL,1690.2695058,1690.2695058,25334.62292,25334.62292,17500,3036.5870358,1500,629.75137738,966882.2,966882.2,,705678.000000045,6223612.99998645
2017-21 gennemsnit,1500,999,,,,1500,999,,,,Skive kommune,779,,0303AE7E-8A89-4AD8-8E81-A2E3AC19B5DB,0303AE7E-8A89-4AD8-8E81-A2E3AC19B5DB,Fur,Renseanlæg,-,-,,MBNDK,209.66821358,209.66821358,2071.5028752,2071.5028752,431.17162716,431.17162716,32.927212114,32.927212114,128786.6,128786.6,,499814,6295390
2017-21 gennemsnit,200,999,,,,200,999,,,,Sønderborg kommune,540,,03A4CEB4-C510-41BD-8F5E-5DA9B2FAC40F,03A4CEB4-C510-41BD-8F5E-5DA9B2FAC40F,GAMMELMARK STRAND CAMPING,Renseanlæg,-,-,,Mekanisk rens.,3074.4,3074.4,6300,6300,734.4,734.4,124.12,124.12,16352,16352,,546594.000000001,6082705
2017-21 gennemsnit,420000,999,,,,420000,999,,,,FREDERICIA KOMMUNE,607,,0417E5A6-072E-45F2-B56C-C6C6A28E0EB8,0417E5A6-072E-45F2-B56C-C6C6A28E0EB8,FREDERICIA SPILDEVAND OG ENERGI A/S,Renseanlæg,-,-,,MBNDK,24392.950892,24392.950892,322558.96602,322558.96602,39293.684866,39293.684866,7171.0983582,7171.0983582,9688473.5834,9688473.5834,,546660.000000001,6156310
2017-21 gennemsnit,165,999,,,,165,999,,,,Næstved kommune,370,,0420890F-E732-4DAA-8B74-20B5E9CE452A,0420890F-E732-4DAA-8B74-20B5E9CE452A,RING,Renseanlæg,-,-,,Mekanisk rens.,0,439.93835,0,1958.0945,0,556.5055,0,64.7063,0,12051.6,,681598.000000394,6113123.9999944
2017-21 gennemsnit,200,999,,,,200,999,,,,Vordingborg kommune,390,,042FA816-8238-42CC-AD1D-905BEB11590A,042FA816-8238-42CC-AD1D-905BEB11590A,"RASTEPLADS, FARØ",Renseanlæg,-,-,,MB,878.4,878.4,2700,2700,604.8,604.8,108.68,108.68,16352,16352,,690998.000000445,6093343.9999926
2017-21 gennemsnit,100,999,,,,100,999,,,,Kalundborg kommune,326,,0491A6D8-08E2-4666-81C1-6E6DDBAFDCE7,0491A6D8-08E2-4666-81C1-6E6DDBAFDCE7,TJØRNELUNDE,Renseanlæg,-,-,,BS  Biologisk sandfilter,29.902549872,29.902549872,403.0906935,403.0906935,309.08888678,309.08888678,52.685821958,52.685821958,19850.2,19850.2,,647502.000000187,6153258.99999831
2017-21 gennemsnit,4300,999,,,,4300,999,,,,Svendborg kommune,479,,04D362A5-9463-4828-BC45-1E76F5DAA2FF,04D362A5-9463-4828-BC45-1E76F5DAA2FF,Roløkke Renseanlæg,Renseanlæg,-,-,,MBNDK,1460.30016038,1460.30016038,9627.1506706,9627.1506706,1458.6733866,1458.6733866,154.98373886,154.98373886,289328.8,289328.8,,618440.00000007,6089919.99999958
2017-21 gennemsnit,2800,999,,,,2800,999,,,,Tønder kommune,550,,0567111C-85AE-4A3D-8B8A-F1D77FE12ACD,0567111C-85AE-4A3D-8B8A-F1D77FE12ACD,BREDEBRO,Renseanlæg,-,-,,MBNK,872.0572678,872.0572678,6829.0609302,6829.0609302,2974.8081178,2974.8081178,101.97497258,101.97497258,323958,323958,,488383,6102251
2017-21 gennemsnit,69704,999,,,,69704,999,,,,Norddjurs kommune,707,,058C4887-F067-42AC-945A-672690D492A5,058C4887-F067-42AC-945A-672690D492A5,Fornæs,Renseanlæg,-,-,,MBNDK,16204.391284,16204.391284,206952.17294,206952.17294,61140,31518.289372,5115,2342.829173,4673477.2,4673477.2,,621257.000000074,6256577.99999941
2017-21 gennemsnit,400,999,,,,1000,999,,,,Tønder kommune,550,,059C29E0-064A-4D7C-B140-8927F70C02DB,059C29E0-064A-4D7C-B140-8927F70C02DB,JEJSING,Renseanlæg,-,-,,MBNK,138.86449918,138.86449918,1294.9081114,1294.9081114,515.7166792,515.7166792,49.250378876,49.250378876,45291.6,45291.6,,497565,6088239
2017-21 gennemsnit,2000,999,,,,2000,999,,,,Billund kommune,530,,063A23D8-84A8-4ECC-B0BE-09428BFBBED2,063A23D8-84A8-4ECC-B0BE-09428BFBBED2,Vorbasse,Renseanlæg,-,-,,MBNDKL,500.19517474,500.19517474,3814.0260686,3814.0260686,557.52321906,557.52321906,79.72166272,79.72166272,221757.4,221757.4,,505101,6163325
2017-21 gennemsnit,65,999,,,,65,999,,,,Guldborgsund Kommune,376,,0748388C-C9DE-4BEF-8345-C675E9150134,0748388C-C9DE-4BEF-8345-C675E9150134,Sundhaven Spildevand A/S,Renseanlæg,-,-,,MB,114.4,114.4,351.1,351.1,80.04,80.04,13.16,13.16,1024.4,1024.4,,685521.764819526,6067975.30337799
2017-21 gennemsnit,7735,999,,,,7735,999,,,,Faxe kommune,320,,07EFD640-A063-4907-8E47-4D085D331947,07EFD640-A063-4907-8E47-4D085D331947,DALBY,Renseanlæg,-,-,,MBNDK,809.78795934,809.78795934,6347.030652,6347.030652,674.994864,674.994864,79.089230006,79.089230006,302472,302472,,695229.000000386,6133583.99999113
2017-21 gennemsnit,17500,999,,,,13600,999,,,,Vordingborg kommune,390,,09A1BB0C-F955-4657-B795-EFFBF5FF875D,09A1BB0C-F955-4657-B795-EFFBF5FF875D,STEGE,Renseanlæg,-,-,,MBNDK,2883.3678864,2883.3678864,30423.947048,30423.947048,2837.9665762,2837.9665762,207.96225778,207.96225778,838390,838390,,709128.000000353,6099962.99998714
2017-21 gennemsnit,10000,999,,,,7000,999,,,,Herning kommune,657,,0ABFFBEF-8160-4A03-BD40-6F2F2F7CCBC0,0ABFFBEF-8160-4A03-BD40-6F2F2F7CCBC0,Sunds,Renseanlæg,-,-,,MBNK,0,3751.1559374,0,32081.61687,0,5692.5391454,0,438.43817018,0,1296010.8,,499222,6229467
2017-21 gennemsnit,60,999,,,,60,999,,,,Slagelse kommune,330,,0B34A66D-187E-4BB1-B8B7-82355CDD948E,0B34A66D-187E-4BB1-B8B7-82355CDD948E,ST.FREDERIKSLUND,Renseanlæg,-,-,,MBN,197.62,197.62,675,675,181.48,181.48,32.528,32.528,4905.6,4905.6,,654339.000000225,6147953.99999779
2017-21 gennemsnit,8100,999,,,,12000,999,,,,Skanderborg kommune,746,,0B409922-AFDC-4E39-B835-334B4A1B51FB,0B409922-AFDC-4E39-B835-334B4A1B51FB,Ry Renseanlæg,Renseanlæg,-,-,,MBNDK,2143.2081418,2143.2081418,17371.907828,17371.907828,2117.946359,2117.946359,333.08778002,333.08778002,503776.63334,503776.63334,,546726.000000001,6216940
2017-21 gennemsnit,25000,999,,,,38000,999,,,,ODDER KOMMUNE,727,,0B4EF638-B0EF-4F48-8EF7-1CF9D2F7B332,0B4EF638-B0EF-4F48-8EF7-1CF9D2F7B332,Odder. Saksild Bugt,Renseanlæg,-,-,,MBNDKF,4412.6354314,4412.6354314,48108.580844,48108.580844,6767.2975474,6767.2975474,359.87372278,359.87372278,1837360,1837360,,578870.000000009,6204604.99999996
2017-21 gennemsnit,225,999,,,,225,999,,,,Lolland kommune,360,,0B933ECF-789E-4431-B2D6-BAC71AD91C15,0B933ECF-789E-4431-B2D6-BAC71AD91C15,VEJLEBYSKOV,Renseanlæg,-,-,,MBS,0,5.5493329666,0,70.719906666,0,67.593824,0,8.4127821666,0,3439.3016664,,650379.000000214,6070523.99999828
2017-21 gennemsnit,350,999,,,,200,999,,,,Jammerbugt kommune,849,,0BA580D0-A988-40A2-A8E7-C817718D9B5F,0BA580D0-A988-40A2-A8E7-C817718D9B5F,Tranum Klit Camping,Renseanlæg,-,-,,Mekanisk rens.,1998.38,1998.38,4095,4095,477.32,477.32,80.736,80.736,10628.8,10628.8,,527840,6336643
2017-21 gennemsnit,4000,999,,,,4000,999,,,,Odsherred kommune,306,,0C1BFCFE-6C09-4377-B2AD-96CCDC704EF0,0C1BFCFE-6C09-4377-B2AD-96CCDC704EF0,VIG,Renseanlæg,-,-,,MBNDKL,935.6890626,935.6890626,8703.1291632,8703.1291632,1154.7892946,1154.7892946,113.99961264,113.99961264,337329.52308,337329.52308,,662159.000000256,6191833.99999687
2017-21 gennemsnit,3150,999,,,,3150,999,,,,Vejle Kommune,630,,0CE7AFE0-E2F6-49DA-8139-F03DAF816CEA,0CE7AFE0-E2F6-49DA-8139-F03DAF816CEA,EGTVED RENSEANLÆG,Renseanlæg,-,-,,MBNK,0,574.609916,0,5601.3601604,0,872.71581864,0,64.63697602,0,293200.5999998,,518447.237728745,6163664.53962146
2017-21 gennemsnit,3600,999,,,,3600,999,,,,Vejle Kommune,630,,0D6D990E-0320-4EBD-828A-D5B44BF04DA3,0D6D990E-0320-4EBD-828A-D5B44BF04DA3,GÅRSLEV RENSEANLÆG,Renseanlæg,-,-,,MBNK,0,523.98386896,0,6183.3160624,0,1652.1178072,0,77.137967718,0,207639.1999998,,546440.000000001,6165550
2017-21 gennemsnit,47000,999,,,,41382,999,,,,Skanderborg kommune,746,,0DA47D80-3589-460C-B6BF-CED1BFE9CFB9,0DA47D80-3589-460C-B6BF-CED1BFE9CFB9,Skanderborg Centralrenseanlæg,Renseanlæg,-,-,,MBNDKF,4985.8754544,4985.8754544,62118.236106,62118.236106,6068.475812,6068.475812,749.52117964,749.52117964,1657645.6166,1657645.6166,,556484.000000002,6209285.99999999
2017-21 gennemsnit,100,999,,,,50,999,,,,Aarhus Kommune,751,,0DD8B874-4389-4B40-AAF8-5950C5D6D3FD,0DD8B874-4389-4B40-AAF8-5950C5D6D3FD,Aarhus Aadal Golfcenter,Renseanlæg,-,-,,MBNK,88.1,88.1,360,360,120.6,120.6,3.16,3.16,3017.2,3017.2,,563004.000000003,6220192.99999999
2017-21 gennemsnit,100,999,,,,100,999,,,,Kalundborg kommune,326,,0E05DEFE-7817-49A9-8044-B0616FF3B006,0E05DEFE-7817-49A9-8044-B0616FF3B006,UBBERUP HØJSKOLE,Renseanlæg,-,-,,Mekanisk rens.,768.7,768.7,1575,1575,183.6,183.6,31.08,31.08,4088,4088,,637314.198866461,6171503.62061633
2017-21 gennemsnit,4000,999,,,,4000,999,,,,Billund kommune,530,,0E0E257A-12DE-480B-8E35-7691F7D8A50F,0E0E257A-12DE-480B-8E35-7691F7D8A50F,Stenderup-Krogager,Renseanlæg,-,-,,MBNKL,667.43486942,667.43486942,7203.4024274,7203.4024274,1833.011504,1833.011504,244.6332626,244.6332626,468556.6,468556.6,,489606,6172332
2017-21 gennemsnit,600,999,,,,600,999,,,,Horsens kommune,615,,0E863BAF-DFED-42B1-8F89-79479F1A8ED2,0E863BAF-DFED-42B1-8F89-79479F1A8ED2,Endelave Renseanlæg,Renseanlæg,-,-,,MBNDK,104.093220996,104.093220996,571.49713046,571.49713046,45.556717602,45.556717602,3.571701986,3.571701986,9872.3999998,9872.3999998,,578777.000000009,6178626.99999996
2017-21 gennemsnit,100,999,,,,100,999,,,,Slagelse kommune,330,,0F8A9F40-2DB6-4FF9-B5A2-4008F26E5596,0F8A9F40-2DB6-4FF9-B5A2-4008F26E5596,LUNDBY,Renseanlæg,-,-,,MBN,17.171559842,17.171559842,138.36667052,138.36667052,90.285265716,90.285265716,17.295541914,17.295541914,2531.1999998,2531.1999998,,652544.000000219,6124368.999998
2017-21 gennemsnit,85,999,,,,85,999,,,,Guldborgsund Kommune,376,,0F90D564-FF89-409B-9E25-76F098B1B98C,0F90D564-FF89-409B-9E25-76F098B1B98C,BYSKOV,Renseanlæg,-,-,,Mekanisk rens.,0,615.3,0,1260,0,152.8,0,26.28,0,3670.6,,682048.000000422,6080473.99999453
2017-21 gennemsnit,3100,999,,,,3000,999,,,,Viborg kommune,791,,0F958026-5E8F-4B06-95D0-837A34850429,0F958026-5E8F-4B06-95D0-837A34850429,Trevad,Renseanlæg,-,-,,MBNDK,695.5022563,695.5022563,6182.4200992,6182.4200992,1325.3382982,1325.3382982,59.708137164,59.708137164,245118.6,245118.6,,499050,6257438
2017-21 gennemsnit,225000,999,,,,208500,999,,,,Mariagerfjord kommune,846,,0FD53E4A-71EC-497C-8855-2632E7258F40,0FD53E4A-71EC-497C-8855-2632E7258F40,Mariagerfjord Renseanlæg,Renseanlæg,-,-,,MBNDK,20893.120148,20893.120148,172324.14752,172324.14752,31232.80031,31232.80031,3041.99509,3041.99509,5169801,5169801,,583406.000000012,6290516.99999993
2017-21 gennemsnit,6800,999,,,,7519,999,,,,Brønderslev kommune,810,,1079549D-AB03-4AE5-9DF5-DB676A76B402,1079549D-AB03-4AE5-9DF5-DB676A76B402,Hjallerup,Renseanlæg,-,-,,MBNDKL,1611.4711744,1611.4711744,14638.876048,14638.876048,2917.203474,2917.203474,364.07384654,364.07384654,711731.4,711731.4,,569769.524042083,6337015.0203045
2017-21 gennemsnit,6510,999,,,,6510,999,,,,Struer kommune,671,,1177A35D-5C22-430D-ACC6-0A11C3D36519,1177A35D-5C22-430D-ACC6-0A11C3D36519,Flovlev,Renseanlæg,-,-,,MBNDK,825.589315,825.589315,6982.2361376,6982.2361376,826.257448,826.257448,116.68908148,116.68908148,359215.6,359215.6,,468077,6276606
2017-21 gennemsnit,4200,999,,,,4195,999,,,,Gribskov kommune,270,,12286672-B9F9-427D-A5CF-70F0C2A2F9F2,12286672-B9F9-427D-A5CF-70F0C2A2F9F2,Stokkebro-Rågemark,Renseanlæg,-,-,,MBN,0,843.90915334,0,10748.738512,0,2798.5741894,0,315.23217648,0,403208.8,,696108.000000221,6219922.99998986
2017-21 gennemsnit,36,999,,,,36,999,,,,Aarhus Kommune,751,,127E51E5-BBB9-4E75-9E4B-C9A0F0A859E6,127E51E5-BBB9-4E75-9E4B-C9A0F0A859E6,"Elmosevej, Fællesprivat sandfilteranlæg. Del Af Neder Fløjstrup",Renseanlæg,-,-,,BS  Biologisk sandfilter,127.776,127.776,388.8,388.8,108.896,108.896,20.9088,20.9088,2943.36,2943.36,,577338.000000008,6212055.99999996
2017-21 gennemsnit,40,999,,,,0,999,,,,Aalborg kommune,851,,1280056C-0CD4-4759-BAB5-84F23245C30A,1280056C-0CD4-4759-BAB5-84F23245C30A,AKV Langholt A.m.b.a,Renseanlæg,-,-,,MB,87.92,87.92,270,270,60.56,60.56,10.856,10.856,1635.2,1635.2,,566645.000000004,6332590.99999998
2017-21 gennemsnit,35000,999,,,,35000,999,,,,Slagelse kommune,330,,12A15576-7982-4CFC-BF5F-4F26248D99AE,12A15576-7982-4CFC-BF5F-4F26248D99AE,SKÆLSKØR,Renseanlæg,-,-,,MBNDK,3394.8227172,3394.8227172,28007.763322,28007.763322,1925.486142,1925.486142,136.50066994,136.50066994,767698,767698,,646005.000000182,6124604.99999846
2017-21 gennemsnit,0,999,,,,0,999,,,,Aarhus Kommune,751,,12C7C11F-BECC-40C2-A459-6661CECED388,12C7C11F-BECC-40C2-A459-6661CECED388,Viby J - Ballebæk - fiktivt,Renseanlæg,-,-,,MBNDK,0,2256.8,0,27847,0,6818.6,0,299,0,1103842.4,,570580.864091514,6215718.94058824
2017-21 gennemsnit,20000,999,,,,14500,999,,,,Langeland kommune,482,,137DA2F5-0FCF-45C0-BFD6-58B72D1FA090,137DA2F5-0FCF-45C0-BFD6-58B72D1FA090,Rudkøbing Renseanlæg,Renseanlæg,-,-,,MBNDK,1904.8623126,1904.8623126,18583.709518,18583.709518,3030.1611868,3030.1611868,261.75757884,261.75757884,740466.8,740466.8,,608260.000000045,6088399.99999975
2017-21 gennemsnit,5000,999,,,,5000,999,,,,Tønder kommune,550,,142ED8AB-93A6-46BA-AC11-F12D8F2412DC,142ED8AB-93A6-46BA-AC11-F12D8F2412DC,TOFTLUND,Renseanlæg,-,-,,MBNDK,1401.2693654,1401.2693654,10635.292898,10635.292898,1834.5414574,1834.5414574,127.81853616,127.81853616,528534.6,528534.6,,504579,6116556
2017-21 gennemsnit,2500,999,,,,2500,999,,,,Sorø kommune,340,,14EBD89F-8258-49AA-8543-B73B4AC3AC5F,14EBD89F-8258-49AA-8543-B73B4AC3AC5F,RUDS VEDBY,Renseanlæg,-,-,,MBNDK,760.0485232,760.0485232,8845.2952912,8845.2952912,2128.8366716,2128.8366716,130.309668,130.309668,352715.5416666,352715.5416666,,649703.000000198,6157870.99999814
2017-21 gennemsnit,7000,999,,,,7000,999,,,,Frederikssund kommune,250,,153D4086-40F4-4CCE-B10F-8C0887555A16,153D4086-40F4-4CCE-B10F-8C0887555A16,Neder Dråby,Renseanlæg,-,-,,MBNDK,0,1480.7549786,0,10445.9646128,0,1029.012657,0,139.50283268,0,373639.9999998,,687658.000000318,6194242.99999246
2017-21 gennemsnit,4500,999,,,,6000,999,,,,Aabenraa kommune,580,,15BC1A77-1365-4726-8F54-3C428B704CC5,15BC1A77-1365-4726-8F54-3C428B704CC5,Stenneskær Renseanlæg,Renseanlæg,-,-,,MBNDK,2006.1775312,2006.1775312,14072.501602,14072.501602,2057.0862696,2057.0862696,280.31226262,280.31226262,661589.8,661589.8,,533964,6098727
2017-21 gennemsnit,3000,999,,,,1800,999,,,,Varde kommune,573,,15C226AA-9603-4565-A889-F06A58633B9C,15C226AA-9603-4565-A889-F06A58633B9C,Sig Renseanlæg,Renseanlæg,-,-,,MBN,478.79582584,478.79582584,4593.2357592,4593.2357592,1341.4767082,1341.4767082,101.18797398,101.18797398,355124,355124,,473377,6167952
2017-21 gennemsnit,60,999,,,,60,999,,,,Guldborgsund Kommune,376,,16EB5BC4-C63C-4FEC-8C59-6643F8B05598,16EB5BC4-C63C-4FEC-8C59-6643F8B05598,FALSTER GOLFKLUB,Renseanlæg,-,-,,MBN,197.62,197.62,675,675,181.48,181.48,32.528,32.528,4905.6,4905.6,,690155.71423239,6080511.53957249
2017-21 gennemsnit,130000,999,,,,130000,999,,,,Thisted Kommune,787,,17479B81-A057-4A24-9130-98372E569909,17479B81-A057-4A24-9130-98372E569909,Thisted,Renseanlæg,-,-,,MBNDK,10605.769218,10605.769218,115653.29058,115653.29058,3600,24052.477622,450,1449.80050104,3772425,3772425,,481889,6309852
2017-21 gennemsnit,300,999,,,,167,999,,,,Rebild Kommune,840,,1794FCE4-50D0-48D2-9CF7-BDA86E6DC391,1794FCE4-50D0-48D2-9CF7-BDA86E6DC391,Binderup kro,Renseanlæg,-,-,,MB,0,63.9165,0,162,0,92.275366666,0,29.702983334,0,3571.22,,532343,6288641
2017-21 gennemsnit,70,999,,,,70,999,,,,Haderslev kommune,510,,17CFC787-3A8A-45C7-A1C4-52CAD36BD04F,17CFC787-3A8A-45C7-A1C4-52CAD36BD04F,BÆKSKOV RADARSTATION,Renseanlæg,-,-,,Mekanisk rens.,1076.02,1076.02,2205,2205,257.08,257.08,43.384,43.384,5723.2,5723.2,,514187,6123853
2017-21 gennemsnit,60000,999,,,,60000,999,,,,Struer kommune,671,,17ED31EB-9442-4731-9C22-749DD8523A61,17ED31EB-9442-4731-9C22-749DD8523A61,Struer,Renseanlæg,-,-,,MBNDK,5217.187811,5217.187811,39505.704516,39505.704516,7590.512838,7590.512838,382.52618396,382.52618396,1686972,1686972,,476292,6261530
2017-21 gennemsnit,150,999,,,,100,999,,,,Vordingborg kommune,390,,187B3DD5-93A7-4C8F-99F3-7C7845F22C96,187B3DD5-93A7-4C8F-99F3-7C7845F22C96,SEAS Masnedø,Renseanlæg,-,-,,MB,579.8,579.8,2025,2025,453.6,453.6,81.56,81.56,12264,12264,,684656.00000042,6098244.99999392
2017-21 gennemsnit,2500,999,,,,1325,999,,,,Holstebro kommune,661,,1880087F-9137-4214-88F6-5CA0126CCFEB,1880087F-9137-4214-88F6-5CA0126CCFEB,Thorsminde,Renseanlæg,-,-,,MBNK,293.96638068,293.96638068,2734.7910048,2734.7910048,267.11191456,267.11191456,33.511232878,33.511232878,81763.6,81763.6,,446176.999999999,6247827
2017-21 gennemsnit,1200,999,,,,1200,999,,,,Langeland kommune,482,,1897F1A3-2DE5-45A3-9ABF-24899124D799,1897F1A3-2DE5-45A3-9ABF-24899124D799,Snøde Renseanlæg,Renseanlæg,-,-,,MBNDK,130.79178444,130.79178444,1189.8127142,1189.8127142,222.38347544,222.38347544,11.9166631754,11.9166631754,52010.98,52010.98,,623600.000000085,6105479.99999945
2017-21 gennemsnit,48300,999,,,,48300,999,,,,ODENSE KOMMUNE,461,,18AE8C6B-7731-46A3-93EB-451A26C57346,18AE8C6B-7731-46A3-93EB-451A26C57346,Nordvest Renseanlæg,Renseanlæg,-,-,,MBNDKF,6522.5552638,6522.5552638,126116.19656,126116.19656,20828.896574,20828.896574,1355.1010162,1355.1010162,5696336.6,5696336.6,,586620.000000014,6142584.99999993
2017-21 gennemsnit,12000,999,,,,7340,999,,,,ALLERØD KOMMUNE,201,,191E5BED-F290-473B-9FCD-4D6A7D81E931,191E5BED-F290-473B-9FCD-4D6A7D81E931,Lynge Renseanlæg,Renseanlæg,-,-,,MBNDKF,709.39234012,709.39234012,10912.6136156,10912.6136156,1027.975262,1027.975262,331.36767982,331.36767982,405633.5999998,405633.5999998,,705158.000000154,6192092.99998716
2017-21 gennemsnit,100000,999,,,,68000,999,,,,Hillerød kommune,219,,194543A3-94AB-4C2E-B54B-AE60C48C8CB9,194543A3-94AB-4C2E-B54B-AE60C48C8CB9,HCRSyd,Renseanlæg,-,-,,MBNDKFL,6997.01696,6997.01696,94332.86946,94332.86946,40000,12592.142902,1500,1448.8458228,3633422.8,3633422.8,,705548.747507213,6203351.69939146
2017-21 gennemsnit,3200,999,,,,2680,999,,,,LÆSØ KOMMUNE,825,,1A22179D-A885-45F7-98FB-D847F4B145E5,1A22179D-A885-45F7-98FB-D847F4B145E5,Vesterø,Renseanlæg,-,-,,MB,1715.020986,1715.020986,12417.677676,12417.677676,2480.0064642,2480.0064642,425.91245506,425.91245506,210407.06666,210407.06666,,616043.000000057,6352204.99999948
2017-21 gennemsnit,10500,999,,,,10500,999,,,,Aabenraa kommune,580,,1A752106-87A7-4915-91BB-7028A0C6E7F0,1A752106-87A7-4915-91BB-7028A0C6E7F0,Kollund Renseanlæg,Renseanlæg,-,-,,MBK,0,862.43458638,0,5780.305159,0,1108.86156642,0,133.8251141,0,263724.4,,530019,6077187
2017-21 gennemsnit,1200,999,,,,1200,999,,,,Langeland kommune,482,,1A866FDC-4BF2-415F-A683-8C7C57C51072,1A866FDC-4BF2-415F-A683-8C7C57C51072,Lejbølle Renseanlæg,Renseanlæg,-,-,,MBNDK,199.6749838,199.6749838,1968.5321302,1968.5321302,609.50393762,609.50393762,29.838893674,29.838893674,95922.8,95922.8,,621882.00000008,6099017.99999949
2017-21 gennemsnit,29,999,,,,29,999,,,,Vordingborg kommune,390,,1A99B6DA-FF1E-436D-909A-086E3E183397,1A99B6DA-FF1E-436D-909A-086E3E183397,SANDVIG HAVN,Renseanlæg,-,-,,Mekanisk rens.,445.874,445.874,913.6,913.6,106.412,106.412,18.0608,18.0608,2371.04,2371.04,,699518.000000419,6106072.99999023
2017-21 gennemsnit,32000,999,,,,32000,999,,,,Varde kommune,573,,1AEE5D84-23C2-4646-967E-F0AB7FFA6B2D,1AEE5D84-23C2-4646-967E-F0AB7FFA6B2D,Varde Renseanlæg,Renseanlæg,-,-,,MBNDK,7435.3867938,7435.3867938,68970.249722,68970.249722,11784.3097184,11784.3097184,536.26918,536.26918,3972377.2,3972377.2,,465852,6163010
2017-21 gennemsnit,2971,999,,,,2971,999,,,,Syddjurs kommune,706,,1C123E82-9A7C-412D-8111-F8843A6D9454,1C123E82-9A7C-412D-8111-F8843A6D9454,Marbæk,Renseanlæg,-,-,,MBNK,0,559.55056218,0,4284.6567874,0,852.6344968,0,62.484558192,0,195489.66154,,576855.000000008,6248045.99999996
2017-21 gennemsnit,6500,999,,,,6500,999,,,,Roskilde kommune,265,,1C4CDDF8-4EC3-422E-B53B-EDC38DFFDEEF,1C4CDDF8-4EC3-422E-B53B-EDC38DFFDEEF,Gadstrup,Renseanlæg,-,-,,MBND,974.73450898,974.73450898,10634.7275142,10634.7275142,1155.1935838,1155.1935838,107.34122719,107.34122719,553573.2,553573.2,,694766.00000034,6162939.99999093
2017-21 gennemsnit,38500,999,,,,17085,999,,,,Fredensborg kommune,210,,1CBE99E3-B2D8-429A-A1EE-53E8BA2DF1F9,1CBE99E3-B2D8-429A-A1EE-53E8BA2DF1F9,Nivå Renseanlæg,Renseanlæg,-,-,,MBNDK,5222.908899,5222.908899,48530.7210014,48530.7210014,6207.1159428,6207.1159428,572.31768104,572.31768104,1795697.1999998,1795697.1999998,,719817.999999606,6203912.99998028
2017-21 gennemsnit,140,999,,,,140,999,,,,Skanderborg kommune,746,,1D72A470-4504-4F2C-AE5C-6519E63BDB31,1D72A470-4504-4F2C-AE5C-6519E63BDB31,Spejdercentret Sletten,Renseanlæg,-,-,,MBND,553.24,553.24,1764,1764,349.4,349.4,76.152,76.152,11446.4,11446.4,,541198,6219293
2017-21 gennemsnit,50000,999,,,,40000,999,,,,Slagelse kommune,330,,1DC57FF4-EF1E-43EA-8FCD-AD04254DD966,1DC57FF4-EF1E-43EA-8FCD-AD04254DD966,KORSØR RENSEANLÆG,Renseanlæg,-,-,,MBNDK,3867.9849226,3867.9849226,64327.360606,64327.360606,7825.353483,7825.353483,532.15958042,532.15958042,2037333,2037333,,636779.000000136,6129993.99999895
2017-21 gennemsnit,39900,999,,,,39900,999,,,,Jammerbugt kommune,849,,1DCC5C33-A64E-40F7-BAF5-B893D1EE09F0,1DCC5C33-A64E-40F7-BAF5-B893D1EE09F0,Sigsgård,Renseanlæg,-,-,,MBNDK,9088.8840924,9088.8840924,78335.35131,78335.35131,14052.709586,14052.709586,555.95592804,555.95592804,2801503,2801503,,541542.999999517,6340189.00012667
2017-21 gennemsnit,800,999,,,,800,999,,,,Tønder kommune,550,,1DDFAD4E-07D8-4DC6-9F2A-D33B9CED97E2,1DDFAD4E-07D8-4DC6-9F2A-D33B9CED97E2,BEDSTED,Renseanlæg,-,-,,MBNK,889.3771186,889.3771186,4723.7490352,4723.7490352,2438.5907336,2438.5907336,197.03682032,197.03682032,195388.2,195388.2,,506425,6100459
2017-21 gennemsnit,4500,999,,,,4500,999,,,,Kalundborg kommune,326,,1ED5823C-20C5-4FED-B69D-61C5A08139BB,1ED5823C-20C5-4FED-B69D-61C5A08139BB,FUGLEDE,Renseanlæg,-,-,,MBNK,2469.8363772,2469.8363772,17207.584848,17207.584848,3621.6097402,3621.6097402,288.872267,288.872267,463361.2,463361.2,,640618.000000151,6161253.99999872
2017-21 gennemsnit,280,999,,,,200,999,,,,ODDER KOMMUNE,727,,1F30B616-529A-4491-BF74-C70DEE9F10C5,1F30B616-529A-4491-BF74-C70DEE9F10C5,Skovgårdsparken,Renseanlæg,-,-,,MB,878.4,878.4,2700,2700,604.8,604.8,108.68,108.68,16352,16352,,569935.000000005,6192262.99999998
2017-21 gennemsnit,4650,999,,,,6000,999,,,,Sorø kommune,340,,1F5C91D9-461A-4265-91DD-DAEA0FCF7E07,1F5C91D9-461A-4265-91DD-DAEA0FCF7E07,DIANALUND,Renseanlæg,-,-,,MBNDK,2200.4048856,2200.4048856,17178.1762532,17178.1762532,4182.270873,4182.270873,225.50682216,225.50682216,523875.3333332,523875.3333332,,656901.000000238,6156051.99999754
2017-21 gennemsnit,750,999,,,,750,999,,,,Tønder kommune,550,,1F8A5060-9129-453A-AE91-08D2AEB8BFA8,1F8A5060-9129-453A-AE91-08D2AEB8BFA8,ØSTER HØJST,Renseanlæg,-,-,,MBK,684.52390236,684.52390236,3764.3635128,3764.3635128,1504.6848736,1504.6848736,54.043069966,54.043069966,187623.2,187623.2,,501755,6095063
2017-21 gennemsnit,45,999,,,,45,999,,,,Lolland kommune,360,,1F956EB8-BDFD-4572-A519-2B53E50E6DF3,1F956EB8-BDFD-4572-A519-2B53E50E6DF3,VEJRØ,Renseanlæg,-,-,,MB,197.62,197.62,607.6,607.6,136.16,136.16,24.516,24.516,3679.2,3679.2,,651733.000000218,6101298.99999812
2017-21 gennemsnit,4500,999,,,,2600,999,,,,Tønder kommune,550,,203F1085-6502-49E5-8811-C1FAF4401F8F,203F1085-6502-49E5-8811-C1FAF4401F8F,AGERSKOV,Renseanlæg,-,-,,MBNK,1028.9248658,1028.9248658,6266.7320742,6266.7320742,3500.196472,3500.196472,110.7083897,110.7083897,178814,178814,,507555,6108785
2017-21 gennemsnit,14000,999,,,,12000,999,,,,Faaborg-Midtfyn kommune,430,,20B15927-C61C-449C-956C-3F694544144E,20B15927-C61C-449C-956C-3F694544144E,Ringe Renseanlæg,Renseanlæg,-,-,,MBNDKL,0,2547.7893944,0,22575.011314,0,3072.616993,0,358.57037124,0,913358.8,,592388.00000002,6120623.9999999
2017-21 gennemsnit,11000,999,,,,5763,999,,,,Guldborgsund Kommune,376,,20EE5BBA-3DA3-46E9-B320-67DE4E6705A7,20EE5BBA-3DA3-46E9-B320-67DE4E6705A7,FREJLEV,Renseanlæg,-,-,,MBNDK,2470.3706648,2470.3706648,21505.929464,21505.929464,2499.143897,2499.143897,433.28853188,433.28853188,1023121.2666,1023121.2666,,678288.00000041,6063753.99999528
2017-21 gennemsnit,600,999,,,,480,999,,,,Herning kommune,657,,20EF912F-20E5-42F4-BB66-13AA4A69025B,20EF912F-20E5-42F4-BB66-13AA4A69025B,Stakroge Renseanlæg,Renseanlæg,-,-,,MBN,196.80194078,196.80194078,1714.03674,1714.03674,215.34992168,215.34992168,16.097502072,16.097502072,63440.6,63440.6,,490639,6194593
2017-21 gennemsnit,30000,999,,,,30000,999,,,,Sorø kommune,340,,2198BEBB-978D-453A-AC54-E50AB1F66DDA,2198BEBB-978D-453A-AC54-E50AB1F66DDA,SORØ CENTRALRENSEANLÆG,Renseanlæg,-,-,,MBNDKL,3960.9391002,3960.9391002,40003.8791306,40003.8791306,6010.8405354,6010.8405354,426.98525302,426.98525302,1499670.9,1499670.9,,665850.000000292,6146019.99999661
2017-21 gennemsnit,65,999,,,,65,999,,,,Sønderborg kommune,540,,21ECACA3-108E-4D5D-BA90-13784D0E0330,21ECACA3-108E-4D5D-BA90-13784D0E0330,GENTOFTE FERIEKOLONI,Renseanlæg,-,-,,Mekanisk rens.,999.09,999.09,2047.6,2047.6,238.66,238.66,40.248,40.248,5314.4,5314.4,,546597.000000001,6082708
2017-21 gennemsnit,5000,999,,,,5000,999,,,,Billund kommune,530,,2230FE02-13D7-4ED5-8D5F-30C386C5C222,2230FE02-13D7-4ED5-8D5F-30C386C5C222,Sdr. Omme,Renseanlæg,-,-,,MBNKL,1481.882222,1481.882222,14674.045516,14674.045516,3379.8307434,3379.8307434,346.69365292,346.69365292,678709.2,678709.2,,492697,6187718
2017-21 gennemsnit,0,999,,,,0,999,,,,Køge kommune,259,,2238F756-7C01-4774-AEC3-59390313334E,2238F756-7C01-4774-AEC3-59390313334E,Slimminge,Renseanlæg,-,-,,0,108.67396898,108.67396898,968.1651808,968.1651808,219.92861436,219.92861436,19.037477526,19.037477526,36636.3076,36636.3076,,686701.999998495,6148887.90012655
2017-21 gennemsnit,4800,999,,,,5170,999,,,,Holbæk kommune,316,,2249DBEB-593B-4956-9C3C-B5F740FF3AA7,2249DBEB-593B-4956-9C3C-B5F740FF3AA7,GISLINGE,Renseanlæg,-,-,,MBNDK,425.47930066,425.47930066,4997.4424776,4997.4424776,419.14290502,419.14290502,76.754441916,76.754441916,208616.8,208616.8,,660921.000000253,6179865.99999705
2017-21 gennemsnit,24000,999,,,,24000,999,,,,Vejle Kommune,630,,23D87CC9-7D91-4BFB-BAAC-7249D9FF4F5D,23D87CC9-7D91-4BFB-BAAC-7249D9FF4F5D,HARALDSKÆR RENSEANLÆG,Renseanlæg,-,-,,MBNDK,2285.4911232,2285.4911232,24404.0662548,24404.0662548,5625,3603.5026816,195,147.07520934,1404370.7999998,1404370.7999998,,525756,6171786
2017-21 gennemsnit,34400,999,,,,35794,999,,,,Guldborgsund Kommune,376,,23E1178D-DF42-4293-8DDF-82F5581F8024,23E1178D-DF42-4293-8DDF-82F5581F8024,NYKØBING F. NORD,Renseanlæg,-,-,,MBNDK,13142.5146688,13142.5146688,102676.126946,102676.126946,14586.04,12917.071736,1458.6,3105.8375932,2969824.48,2969824.48,,685118.000000444,6073023.99999402
2017-21 gennemsnit,120,999,,,,120,999,,,,Guldborgsund Kommune,376,,24AEF38C-C072-435C-AFC3-A6DCF0029920,24AEF38C-C072-435C-AFC3-A6DCF0029920,HESNÆS,Renseanlæg,-,-,,MB,93.5864617674,93.5864617674,270,270,247.2571907,247.2571907,43.907533024,43.907533024,7469.24,7469.24,,701688.000000461,6079633.99998991
2017-21 gennemsnit,600,999,,,,0,999,,,,Frederikssund kommune,250,,251AD1B5-98A1-4848-A51F-5726C00B7C9A,251AD1B5-98A1-4848-A51F-5726C00B7C9A,Kulhuse Camping,Renseanlæg,-,-,,MB,1317.6,1317.6,4050,4050,907.2,907.2,162.92,162.92,24528,24528,,681793.000000314,6202217.99999371
2017-21 gennemsnit,71500,999,,,,71000,999,,,,TÅRNBY KOMMUNE,185,,25C4CF13-227E-461D-94E6-5ED39F85104F,25C4CF13-227E-461D-94E6-5ED39F85104F,Tårnby,Renseanlæg,-,-,,MBNDK,21234.4368888,21234.4368888,172507.8991368,172507.8991368,36018.1671852,36018.1671852,1316.1956476,1316.1956476,4855217.9999998,4855217.9999998,,731708.999999027,6173164.99997396
2017-21 gennemsnit,300,999,,,,300,999,,,,Silkeborg Kommune,740,,25E93670-A47B-4681-B20E-396FDC99140E,25E93670-A47B-4681-B20E-396FDC99140E,Grønbæk,Renseanlæg,-,-,,MBK,0,51.48556333,0,395.85208714,0,285.64872998,0,3.215765523,0,15086.2,,538839,6236953
2017-21 gennemsnit,3150,999,,,,2500,999,,,,Esbjerg kommune,561,,26791429-D637-4E43-AE09-0A9D893C045D,26791429-D637-4E43-AE09-0A9D893C045D,Gredstedbro,Renseanlæg,-,-,,MBNDK,548.29091626,548.29091626,5252.557037,5252.557037,879.3373368,879.3373368,65.403127162,65.403127162,265509,265509,,482455,6138695
2017-21 gennemsnit,70000,999,,,,54000,999,,,,Lemvig kommune,665,,26D00F8E-3D52-4322-B9F8-EC01F2F75EA1,26D00F8E-3D52-4322-B9F8-EC01F2F75EA1,Lemvig,Renseanlæg,-,-,,MBNDK,0,5678.7679456,0,47101.41722,0,11354.9816404,0,1785.4504362,0,1477554.832,,457256,6268628
2017-21 gennemsnit,200,999,,,,0,999,,,,HELSINGØR KOMMUNE,217,,27B9738A-3EED-4A9E-AC7F-C49C72FF0A22,27B9738A-3EED-4A9E-AC7F-C49C72FF0A22,Plejelt Camping,Renseanlæg,-,-,,Mekanisk rens.,3074.4,3074.4,6300,6300,734.4,734.4,124.12,124.12,16352,16352,,712447.99999987,6215902.9999837
2017-21 gennemsnit,0,999,,,,0,999,,,,Syddjurs kommune,706,,27C91E10-9815-4902-9A17-96F03B1B5286,27C91E10-9815-4902-9A17-96F03B1B5286,Kalø Landboskole,Renseanlæg,-,-,,0,1317.6,1317.6,4050,4050,907.2,907.2,162.92,162.92,24528,24528,,593450.000000021,6238159.99999988
2017-21 gennemsnit,350000,999,,,,470000,999,,,,KØBENHAVNS KOMMUNE,101,,2836AED3-5770-42CA-9709-78BEC64C150F,2836AED3-5770-42CA-9709-78BEC64C150F,Renseanlæg Damhusåen  - Aflastning af renset spildevand,Renseanlæg,-,-,,MBNDK,7.2,7.2,108.4,108.4,28.8,28.8,3.6,3.6,3610.4,3610.4,,720649.852825855,6171146.02018107
2017-21 gennemsnit,9550,999,,DKLAKE699,SWB,9550,999,,VP3II,Indsats. Renseanlæg.,HØJE-TAASTRUP KOMMUNE,169,,2848F6F1-67C8-4FA7-8490-DD96E358B2E6,2848F6F1-67C8-4FA7-8490-DD96E358B2E6,Kallerup,Renseanlæg,-,Indsats. Renseanlæg.,"P: 0,22 mg/l.",MBNDK,1694.792977,1694.792977,18909.4309132,18909.4309132,2508.8833866,2508.8833866,217.75779928,217.75779928,735009.1166666,735009.1166666,,701162.000000265,6173458.99998885
2017-21 gennemsnit,17800,999,,,,17800,999,,,,Skive kommune,779,,29E6788F-EED7-4ACE-9295-E35D1ED44DAB,29E6788F-EED7-4ACE-9295-E35D1ED44DAB,Harre-Vejle,Renseanlæg,-,-,,MBNDK,2151.3927616,2151.3927616,15542.860016,15542.860016,2251.777011,2251.777011,288.93281152,288.93281152,826865.8,826865.8,,490197,6287246
2017-21 gennemsnit,170000,999,,,,170000,999,,,,Vejle Kommune,630,,2A3E91AB-47DE-4611-98C6-56F0FC03AAD8,2A3E91AB-47DE-4611-98C6-56F0FC03AAD8,VEJLE CENTRALRENS.,Renseanlæg,-,-,,MBNDK,24328.6083506,24328.6083506,234561.538862,234561.538862,46453,46245.1425,2386,2174.9713318,10875388.3999998,10875388.3999998,,534035.735783226,6173205.04300555
2017-21 gennemsnit,4950,999,,,,4950,999,,,,Lejre kommune,350,,2A837ADA-7F90-4B0D-9068-61CC6DC33304,2A837ADA-7F90-4B0D-9068-61CC6DC33304,Lejre,Renseanlæg,-,-,,MBNDL,464.38087252,464.38087252,4599.0913598,4599.0913598,627.73749676,627.73749676,85.525629396,85.525629396,208657.4,208657.4,,687988.000000354,6166101.99999264
2017-21 gennemsnit,60,999,,,,20,999,,,,Frederikshavn kommune,813,,2B3119F9-6C52-49BE-8658-2961D4599783,2B3119F9-6C52-49BE-8658-2961D4599783,Hørbylund,Renseanlæg,-,-,,BS  Biologisk sandfilter,26.7910166,26.7910166,83.0702,83.0702,21.6958666,21.6958666,3.4033966,3.4033966,669.5999998,669.5999998,,581798.00000001,6358106.99999994
2017-21 gennemsnit,800,999,,,,800,999,,,,Slagelse kommune,330,,2B3EF989-D79F-4544-93A1-5584E5F26260,2B3EF989-D79F-4544-93A1-5584E5F26260,RUDE,Renseanlæg,-,-,,MBN,202.41672122,202.41672122,1435.338804,1435.338804,596.27387042,596.27387042,23.787656028,23.787656028,42035.4,42035.4,,655929.00000024,6122713.99999772
2017-21 gennemsnit,900,999,,,,900,999,,,,Guldborgsund Kommune,376,,2B545D1F-E40F-4975-BC83-DEA400D98B02,2B545D1F-E40F-4975-BC83-DEA400D98B02,ULSLEV CAMPING,Renseanlæg,-,-,,MBS,3952.8,3952.8,12150,12150,2721.6,2721.6,488.96,488.96,73584,73584,,694948.000000482,6070183.99999186
2017-21 gennemsnit,1000,999,,,,3880,999,,,,Frederikshavn kommune,813,,2B8EF25E-D39A-47EF-9489-A1479E64DF2E,2B8EF25E-D39A-47EF-9489-A1479E64DF2E,Voerså,Renseanlæg,-,-,,MB,935.85499954,935.85499954,5617.4749806,5617.4749806,1574.633774,1574.633774,250.95311394,250.95311394,139681.4,139681.4,,590202.000000017,6341210.99999989
2017-21 gennemsnit,1000,999,,,,1000,999,,,,Vejen kommune,575,,2BCED2E3-1641-4419-9E30-E2204B7010F9,2BCED2E3-1641-4419-9E30-E2204B7010F9,Lindknud,Renseanlæg,-,-,,MBN,113.76801058,113.76801058,1063.7976534,1063.7976534,395.32458606,395.32458606,70.849401788,70.849401788,45358.8,45358.8,,500589,6157183
2017-21 gennemsnit,40,999,,,,40,999,,,,Sønderborg kommune,540,,2C603B9D-9ECE-41AD-B9F3-E974D0DD5199,2C603B9D-9ECE-41AD-B9F3-E974D0DD5199,LAVENSBY STRAND CAMPING,Renseanlæg,-,-,,MK,395.24,395.24,900,900,120.92,120.92,4.584,4.584,3270.4,3270.4,,550909.000000001,6103040
2017-21 gennemsnit,120,999,,,,120,999,,,,Tønder kommune,550,,2C75ACE8-8805-4EE1-ABB4-D084EF4E022E,2C75ACE8-8805-4EE1-ABB4-D084EF4E022E,ÅBØL,Renseanlæg,-,-,,MBN,84.188414576,84.188414576,687.75737378,687.75737378,207.9240793,207.9240793,39.943675826,39.943675826,22323.4,22323.4,,507990,6120911
2017-21 gennemsnit,1400,999,,,,1400,999,,,,Jammerbugt kommune,849,,2C84CE9D-459E-4885-89C6-79CAB1C1CBB8,2C84CE9D-459E-4885-89C6-79CAB1C1CBB8,Gjøl,Renseanlæg,-,-,,MB,235.13014618,235.13014618,2244.4950168,2244.4950168,605.0226866,605.0226866,29.07976498,29.07976498,92251.2,92251.2,,543413,6324728
2017-21 gennemsnit,23000,999,,,,23000,999,,,,Faxe kommune,320,,2CBCCA8B-CB82-4702-937B-AA7710C6853A,2CBCCA8B-CB82-4702-937B-AA7710C6853A,HASLEV C.,Renseanlæg,-,-,,MBNDK,5937.1702982,5937.1702982,50764.578792,50764.578792,4083.0278764,4083.0278764,530.7048272,530.7048272,1733038,1733038,,684239.000000383,6136244.99999371
2017-21 gennemsnit,80,999,,,,150,999,,,,Slagelse kommune,330,,2D19D392-6037-4532-AB67-615E5044DC17,2D19D392-6037-4532-AB67-615E5044DC17,Høve renseanlæg,Renseanlæg,-,-,,MBBR,142.18895834,142.18895834,933.5689,933.5689,329.24565834,329.24565834,57.280076666,57.280076666,18755.775,18755.775,,651265.000000211,6128797.99999809
2017-21 gennemsnit,700,999,,,,700,999,,,,Viborg kommune,791,,2D873632-32A8-4A21-B234-EA8442C1BDE6,2D873632-32A8-4A21-B234-EA8442C1BDE6,Ulbjerg,Renseanlæg,-,-,,MB,0,474.60020554,0,3648.3934242,0,911.75110956,0,61.7933503,0,145010,,519458,6276113
2017-21 gennemsnit,12000,999,,,,8200,999,,,,Faaborg-Midtfyn kommune,430,,2DD014FF-B700-4619-A5BD-2806EFB10F53,2DD014FF-B700-4619-A5BD-2806EFB10F53,Sdr. Nærå Renseanlæg,Renseanlæg,-,-,,MBNDKL,1509.54627,1509.54627,15048.500064,15048.500064,2370.4401262,2370.4401262,130.35922888,130.35922888,841831.4,841831.4,,595156.000000023,6130804.99999988
2017-21 gennemsnit,83000,999,,,,100000,999,,,,Aarhus Kommune,751,,2E64C1A1-10E8-41D3-823C-7375272F70C9,2E64C1A1-10E8-41D3-823C-7375272F70C9,VIBY. Udløb til Århus Å,Renseanlæg,-,-,,MBNDKF,0,11852.7,0,131279.52,0,43620.26,0,1255.72,0,6490049.2,,571250.040742165,6222275.69426314
2017-21 gennemsnit,10000,999,,,,10000,999,,,,Faaborg-Midtfyn kommune,430,,2ECECF1B-EEBE-4987-87D1-9F9DBD209B9A,2ECECF1B-EEBE-4987-87D1-9F9DBD209B9A,Kværndrup Renseanlæg,Renseanlæg,-,-,,MBNDKL,0,691.93973988,0,4854.817119,0,1212.852189,0,71.437482262,0,383415.4,,596602.000000025,6115110.99999987
2017-21 gennemsnit,900,999,,,,900,999,,,,Tønder kommune,550,,2F695B55-4DDF-4C99-B0B5-5582D3D4A68A,2F695B55-4DDF-4C99-B0B5-5582D3D4A68A,RUDBØL,Renseanlæg,-,-,,Rodzoneanlæg,32.884,32.884,331.3992,331.3992,125.41456,125.41456,42.6248,42.6248,9263.9999998,9263.9999998,,483077,6083763
2017-21 gennemsnit,96,999,,,,100,999,,,,Varde kommune,573,,2F7393C3-52AA-4EB6-92BE-BA9ACC54F009,2F7393C3-52AA-4EB6-92BE-BA9ACC54F009,Frøstruphave Efterskole,Renseanlæg,-,-,,MB,373.26,373.26,1147.6,1147.6,257.08,257.08,46.188,46.188,6949.6,6949.6,,463596,6177858
2017-21 gennemsnit,3400,999,,,,3400,999,,,,Vejle Kommune,630,,2F891BE3-1C93-447D-AF9E-CA62A589713E,2F891BE3-1C93-447D-AF9E-CA62A589713E,ÅGÅRD  RENSEANLÆG,Renseanlæg,-,-,,MBNK,0,964.588915,0,6081.00492,0,2812.7079552,0,92.107943554,0,279967.7999998,,526490.915080332,6160168.47437154
2017-21 gennemsnit,100,999,,,,100,999,,,,Aabenraa kommune,580,,2FA85BF7-91BA-4551-85AC-6B3ECCE8FB42,2FA85BF7-91BA-4551-85AC-6B3ECCE8FB42,GRØNGRØFT ENGDALSSKOLEN,Renseanlæg,-,-,,MBK,329.5,329.5,1125,1125,302.4,302.4,7.72,7.72,8176,8176,,535257,6089126
2017-21 gennemsnit,30,999,,,,0,999,,,,Roskilde kommune,265,,2FC20F5B-EC8A-4296-A516-3F0D0D95FD89,2FC20F5B-EC8A-4296-A516-3F0D0D95FD89,Ramsømagle forsamlingshus,Renseanlæg,-,-,,Mekanisk rens.,384.25,384.25,787.6,787.6,91.9,91.9,15.44,15.44,2044,2044,,692825.000000347,6163234.99999146
2017-21 gennemsnit,1700,999,,,,1700,999,,,,Roskilde kommune,265,,2FE06D56-46F9-4167-8D81-CCB4C43EBF43,2FE06D56-46F9-4167-8D81-CCB4C43EBF43,Risø,Renseanlæg,-,-,,MBND,3733.2,3733.2,15300,15300,734.4,734.4,923.48,923.48,138992,138992,,694559.000000317,6176968.99999083
2017-21 gennemsnit,40,999,,,,40,999,,,,Kerteminde kommune,440,,302DD0D2-02A8-4533-876D-975AF840F962,302DD0D2-02A8-4533-876D-975AF840F962,Kertemindevej 33 (Gartneri),Renseanlæg,-,-,,Mekanisk rens.,614.84,614.84,1260,1260,146.96,146.96,24.808,24.808,3270.4,3270.4,,599060.000000028,6140849.99999985
2017-21 gennemsnit,25,999,,,,25,999,,,,Holstebro kommune,661,,30A35A7C-78B4-40B6-B790-9DC491DE0BD7,30A35A7C-78B4-40B6-B790-9DC491DE0BD7,BJERGHUSE CAMPING,Renseanlæg,-,-,,MB,109.9,109.9,337.6,337.6,75.6,75.6,13.66,13.66,2044,2044,,445886.999999999,6242307
2017-21 gennemsnit,50,999,,,,50,999,,,,Slagelse kommune,330,,31450306-C606-476D-B3DD-B1162F0149C8,31450306-C606-476D-B3DD-B1162F0149C8,NORDRUP,Renseanlæg,-,-,,Mekanisk rens.,487.4583332,487.4583332,1548.8166666,1548.8166666,228.3,228.3,32.1881666,32.1881666,4088,4088,,651689.00000021,6152133.999998
2017-21 gennemsnit,60,999,,,,60,999,,,,Stevns kommune,336,,325614FA-BD77-41C3-8DF9-2A0A450F0545,325614FA-BD77-41C3-8DF9-2A0A450F0545,GJORSLEV GODS,Renseanlæg,-,-,,Rodzoneanlæg,263.56,263.56,810,810,181.48,181.48,32.528,32.528,4905.6,4905.6,,713908.000000131,6139682.99998454
2017-21 gennemsnit,3000,999,,,,3000,999,,,,Svendborg kommune,479,,32F1D533-630F-46B6-AB4A-DFB76139DD40,32F1D533-630F-46B6-AB4A-DFB76139DD40,Bjerreby Renseanlæg,Renseanlæg,-,-,,MBNDK,502.76977304,502.76977304,3806.4276076,3806.4276076,963.9048398,963.9048398,66.394245212,66.394245212,192298.2,192298.2,,606275.000000041,6092249.99999978
2017-21 gennemsnit,4650,999,,,,4650,999,,,,Aabenraa kommune,580,,332E425D-26A0-4E1E-9E4E-77D6BDB0AFA8,332E425D-26A0-4E1E-9E4E-77D6BDB0AFA8,Brøde Renseanlæg,Renseanlæg,-,-,,MB,0,1260.0914432,0,10188.031454,0,2587.9494026,0,700.31381018,0,331201.2,,533268,6107126
2017-21 gennemsnit,4500,999,,,,4500,999,,,,Varde kommune,573,,33420D1F-F6C5-4CF0-A49B-E87E0D4941E2,33420D1F-F6C5-4CF0-A49B-E87E0D4941E2,Nordenskov Renseanlæg,Renseanlæg,-,-,,MBNK,404.72302768,404.72302768,4494.4533006,4494.4533006,598.7638134,598.7638134,75.660988238,75.660988238,295920.4,295920.4,,478242,6167844
2017-21 gennemsnit,15000,999,,,,15000,999,,,,Viborg kommune,791,,33BBB98E-8231-416E-9AFA-3D16739192FC,33BBB98E-8231-416E-9AFA-3D16739192FC,Karup,Renseanlæg,-,-,,MBNDK,1998.5034708,1998.5034708,15404.895308,15404.895308,1920.8949046,1920.8949046,320.62802824,320.62802824,868828,868828,,509418,6240393
2017-21 gennemsnit,65,999,,,,0,999,,,,Rebild Kommune,840,,34119797-8ABB-490C-AAA2-17935C0B17C1,34119797-8ABB-490C-AAA2-17935C0B17C1,Solbjerg St. By Renseanlæg,Renseanlæg,-,-,,Mekanisk rens.,286.44,286.44,585.9,585.9,67.44,67.44,10.7312,10.7312,1170.56,1170.56,,570430.000000005,6295734.99999998
2017-21 gennemsnit,70,999,,,,70,999,,,,Syddjurs kommune,706,,343AC15E-89D4-4621-9351-90367790C006,343AC15E-89D4-4621-9351-90367790C006,Skiffard,Renseanlæg,-,-,,Bassinanlæg,0,693.58386,0,1686.9343,0,234.14105,0,38.571965,0,7599.033334,,603456.000000034,6252132.99999977
2017-21 gennemsnit,20,999,,,,20,999,,,,Syddjurs kommune,706,,35396126-2300-42B1-8789-A436310052ED,35396126-2300-42B1-8789-A436310052ED,"Følle Vig, Sommerhuse",Renseanlæg,-,-,,Mekanisk rens.,307.52,307.52,630,630,73.48,73.48,12.504,12.504,1635.2,1635.2,,590157.000000017,6240325.9999999
2017-21 gennemsnit,31,999,,,,31,999,,,,Sønderborg kommune,540,,353A08C3-ED81-457B-82F8-340F24F49D2E,353A08C3-ED81-457B-82F8-340F24F49D2E,KØBENHAVNS LÆRERFORENINGS KOLONI LØNSØMAJ,Renseanlæg,-,-,,Mekanisk rens.,476.486,476.486,976.6,976.6,113.828,113.828,19.2912,19.2912,2534.56,2534.56,,541470,6099205
2017-21 gennemsnit,4000,999,,,,2800,999,,,,Middelfart kommune,410,,3594B10D-3D8D-4ADC-94A5-3673541ED858,3594B10D-3D8D-4ADC-94A5-3673541ED858,Ejby Renseanlæg,Renseanlæg,-,-,,MBNKL,997.5518196,997.5518196,9832.0663014,9832.0663014,2094.04328,2094.04328,130.11186322,130.11186322,539617.3999998,539617.3999998,,559614.000000002,6143102.99999999
2017-21 gennemsnit,60,999,,,,60,999,,,,Hedensted Kommune,766,,359F73C8-16F7-41E0-A2A2-B57650BABA0F,359F73C8-16F7-41E0-A2A2-B57650BABA0F,Rohden Gods,Renseanlæg,-,-,,MBNK,109.48,109.48,481.6,481.6,161.68,161.68,3.984,3.984,4905.6,4905.6,,546413.000000001,6173230
2017-21 gennemsnit,45,999,,,,45,999,,,,Langeland kommune,482,,35D835CA-05E1-438E-8F30-0074E331C06C,35D835CA-05E1-438E-8F30-0074E331C06C,Skovsgård Renseanlæg,Renseanlæg,-,-,,Mekanisk rens.,691.77,691.77,1417.6,1417.6,165.18,165.18,27.944,27.944,3679.2,3679.2,,612580.000000054,6079069.99999969
2017-21 gennemsnit,45,999,,,,39,999,,,,Frederikshavn kommune,813,,35DF6917-18D0-41F2-8740-174D90BD7282,35DF6917-18D0-41F2-8740-174D90BD7282,Karup,Renseanlæg,-,-,,BS  Biologisk sandfilter,40.5649250376,40.5649250376,151.109766906,151.109766906,58.578140398,58.578140398,6.6524931534,6.6524931534,1522.5999998,1522.5999998,,585415.000000013,6357995.99999992
2017-21 gennemsnit,8000,999,,,,8000,999,,,,Esbjerg kommune,561,,36151972-33BC-43DF-A125-BE6561101422,36151972-33BC-43DF-A125-BE6561101422,Bramming nord,Renseanlæg,-,-,,MBNDK,946.46733816,946.46733816,7720.7800072,7720.7800072,835.1101626,835.1101626,111.01665834,111.01665834,426307.6,426307.6,,481017,6148385
2017-21 gennemsnit,27000,999,,,,27000,999,,,,Vejen kommune,575,,3785B04E-4305-4869-8BEC-4B44108A1D18,3785B04E-4305-4869-8BEC-4B44108A1D18,Holsted by,Renseanlæg,-,-,,MBNDK,8461.3158206,8461.3158206,53435.031274,53435.031274,5131.7836446,5131.7836446,295.87609174,295.87609174,1718363.8,1718363.8,,494063,6151662
2017-21 gennemsnit,22000,999,,,,22000,999,,,,Hedensted Kommune,766,,37D8E773-2360-4139-A2B9-82F2A207B610,37D8E773-2360-4139-A2B9-82F2A207B610,Juelsminde,Renseanlæg,-,-,,MBNDK,3318.8120186,3318.8120186,32217.0229012,32217.0229012,2815.2922928,2815.2922928,217.13016612,217.13016612,957126.7999998,957126.7999998,,564300.000000003,6176669.99999999
2017-21 gennemsnit,1750,999,,,,1700,999,,,,Haderslev kommune,510,,37DAFCA8-97E7-40EE-9550-665299430FC3,37DAFCA8-97E7-40EE-9550-665299430FC3,SOMMERSTED,Renseanlæg,-,-,,MBN,712.69042106,712.69042106,5791.1887332,5791.1887332,1937.9506714,1937.9506714,467.20877696,467.20877696,285225.6,285225.6,,518048,6130645
2017-21 gennemsnit,4500,999,,,,5000,999,,,,Bornholms Regionskommune,400,,395A83FF-89BB-4863-8621-155287D0676B,395A83FF-89BB-4863-8621-155287D0676B,Boderne Renseanlæg,Renseanlæg,-,-,,MBK,1609.5451206,1609.5451206,19168.727042,19168.727042,4013.4174438,4013.4174438,326.89409374,326.89409374,1016094.2,1016094.2,,876907.99975696,6113067.99954268
2017-21 gennemsnit,100,999,,,,100,999,,,,Hillerød kommune,219,,396BB7FA-97A9-4B10-899D-1ECC1CC3912F,396BB7FA-97A9-4B10-899D-1ECC1CC3912F,Bendstrup Camping,Renseanlæg,-,-,,MBK,329.5,329.5,1125,1125,302.4,302.4,7.72,7.72,8176,8176,,703248.000000147,6207062.99998764
2017-21 gennemsnit,3000,999,,,,1730,999,,,,Varde kommune,573,,39F5FC56-955A-4D19-9FBA-515FBB0F4311,39F5FC56-955A-4D19-9FBA-515FBB0F4311,Agerbæk Renseanlæg,Renseanlæg,-,-,,MBN,416.30218736,416.30218736,3605.319295,3605.319295,1092.71972468,1092.71972468,68.157894554,68.157894554,211929.4,211929.4,,486863,6161285
2017-21 gennemsnit,64000,999,,,,64000,999,,,,Skive kommune,779,,3A3BFE61-DD3D-4F75-8626-B2AE8F8D1207,3A3BFE61-DD3D-4F75-8626-B2AE8F8D1207,Skive,Renseanlæg,-,-,,MBNDK,16103.492888,16103.492888,154458.93444,154458.93444,25711.083846,25711.083846,1684.603323,1684.603323,6322646.4,6322646.4,,502819,6269053
2017-21 gennemsnit,3811,999,,,,3811,999,,,,Syddjurs kommune,706,,3A78859A-F2BF-4933-9C77-780A04205403,3A78859A-F2BF-4933-9C77-780A04205403,Knebel,Renseanlæg,-,-,,MBNDK,0,330.66637296,0,3430.4843332,0,405.2711668,0,52.378140834,0,171832.8,,592031.000000019,6230266.99999989
2017-21 gennemsnit,2900,999,,,,2000,999,,,,Haderslev kommune,510,,3AB61849-DA3B-4E27-9BCE-FA895C158BE0,3AB61849-DA3B-4E27-9BCE-FA895C158BE0,SKRYDSTRUP,Renseanlæg,-,-,,MBN,742.37751744,742.37751744,6168.0946146,6168.0946146,2031.823465,2031.823465,440.01605088,440.01605088,308112.4,308112.4,,515665.999999826,6120496.00012652
2017-21 gennemsnit,60,999,,,,60,999,,,,Næstved kommune,370,,3AF39360-26D5-4E14-9E38-6A0512AB563E,3AF39360-26D5-4E14-9E38-6A0512AB563E,ELNASMINDE,Renseanlæg,-,-,,MB,263.56,263.56,810,810,181.48,181.48,32.528,32.528,4905.6,4905.6,,693228.000000415,6117632.99999182
2017-21 gennemsnit,30,999,,,,35,999,,,,Syddjurs kommune,706,,3B520DAC-FBB4-450A-9821-F01807C7908D,3B520DAC-FBB4-450A-9821-F01807C7908D,Kalø Gods,Renseanlæg,-,-,,BS  Biologisk sandfilter,153.66,153.66,472.6,472.6,105.88,105.88,19.068,19.068,2861.6,2861.6,,592566.00000002,6240153.99999988
2017-21 gennemsnit,120,999,,,,120,999,,,,Faxe kommune,320,,3B52B4CA-D187-4A0C-96F6-AFFB4A34B4F1,3B52B4CA-D187-4A0C-96F6-AFFB4A34B4F1,LEESTRUP STRAND,Renseanlæg,-,-,,Mekanisk rens.,1076.02,1076.02,2205,2205,257.08,257.08,43.384,43.384,5723.2,5723.2,,694218.000000413,6118402.99999156
2017-21 gennemsnit,75,999,,,,50,999,,,,Hillerød kommune,219,,3B5B3D31-B4BD-46C1-A225-2D3C400DFE9E,3B5B3D31-B4BD-46C1-A225-2D3C400DFE9E,Bauneholm,Renseanlæg,-,-,,MB,219.6,219.6,675,675,151.2,151.2,27.12,27.12,4088,4088,,702908.000000151,6207812.99998775
2017-21 gennemsnit,80,999,,,,80,999,,,,Lolland kommune,360,,3BCB9570-C21E-4D5C-A479-8913D552C30A,3BCB9570-C21E-4D5C-A479-8913D552C30A,OPAGER,Renseanlæg,-,-,,Mekanisk rens.,0,466.09916,0,967.0196,0,116.7052,0,17.991252,0,2368.7999998,,648988.000000206,6070943.99999837
2017-21 gennemsnit,2100,999,,,,2625,999,,,,Haderslev kommune,510,,3C7F93F8-59B8-4F4E-8DAE-28D6469C348F,3C7F93F8-59B8-4F4E-8DAE-28D6469C348F,HALK,Renseanlæg,-,-,,MK,4469.923038,4469.923038,16414.309796,16414.309796,5778.3253854,5778.3253854,248.57556976,248.57556976,252553.4,252553.4,,542661.999999527,6115210.00012651
2017-21 gennemsnit,560,999,,,,560,999,,,,Lolland kommune,360,,3CC32265-4C27-4545-829D-3A1772D6C948,3CC32265-4C27-4545-829D-3A1772D6C948,FEJØ VESTERGÅRD,Renseanlæg,-,-,,MK,121.0591074,121.0591074,316.93309706,316.93309706,42.024013566,42.024013566,2.1851001166,2.1851001166,1520.4206664,1520.4206664,,652678.000000226,6090203.99999807
2017-21 gennemsnit,50,999,,,,50,999,,,,Lolland kommune,360,,3CC438E4-CE03-4A6A-9E31-3029B3C20EFD,3CC438E4-CE03-4A6A-9E31-3029B3C20EFD,HØJBYGÅRD FLYVEPLADS,Renseanlæg,-,-,,Mekanisk rens.,768.7,768.7,1575,1575,183.6,183.6,31.08,31.08,4088,4088,,657578.000000262,6063863.99999775
2017-21 gennemsnit,105,999,,,,105,999,,,,Sønderborg kommune,540,,3CE8785E-41FA-45FD-B52E-718E82713A77,3CE8785E-41FA-45FD-B52E-718E82713A77,ARNBJERG FERIECENTER,Renseanlæg,-,-,,Mekanisk rens.,1614.13,1614.13,3307.6,3307.6,385.62,385.62,65.096,65.096,8584.8,8584.8,,550610.000000001,6103242
2017-21 gennemsnit,43000,999,,,,65000,999,,,,Haderslev kommune,510,,3D0D10FA-6670-4594-A887-AFE2447D3F46,3D0D10FA-6670-4594-A887-AFE2447D3F46,VOJENS,Renseanlæg,-,-,,MBNDKS,949.433663,949.433663,11630.0862762,11630.0862762,2100.597947,2100.597947,165.2231077,165.2231077,879307.8,879307.8,,519751.999999781,6121532.00012652
2017-21 gennemsnit,2000,999,,,,3000,999,,,,Slagelse kommune,330,,3D3D22C1-BB95-4042-B52E-C255342E5C3B,3D3D22C1-BB95-4042-B52E-C255342E5C3B,SLOTS BJERGBY,Renseanlæg,-,-,,MBNL,931.0183221,931.0183221,6178.1098314,6178.1098314,898.88334914,898.88334914,104.576242054,104.576242054,184802,184802,,645831.00000018,6137620.99999845
2017-21 gennemsnit,50000,999,,,,50000,999,,,,HØRSHOLM KOMMUNE,223,,3DB3E1A2-931A-47B3-8F36-8CFDD8F98503,3DB3E1A2-931A-47B3-8F36-8CFDD8F98503,Usserød,Renseanlæg,-,-,,MBNDKF,6226.0056682,6226.0056682,88451.0110604,88451.0110604,19918.2405884,19918.2405884,1779.4222298,1779.4222298,3812456.5999998,3812456.5999998,,718447.999999692,6200652.99998109
2017-21 gennemsnit,175000,999,,DKCOAST131,SWB,150000,999,,VP3II,Indsats. Renseanlæg.,Herning kommune,657,,3E388D11-E52F-47CE-A0C9-96FF083DD2E0,3E388D11-E52F-47CE-A0C9-96FF083DD2E0,Herning - HCR,Renseanlæg,Indsats. Renseanlæg.,-,"N: 3,5 mg/l. P: 0,1 mg/l.",MBNDKS,25355.218708,25355.218708,266210.12758,266210.12758,59000,60554.545422,4121.7584196,4121.7584196,9505609.6,9505609.6,,496311,6222579
2017-21 gennemsnit,1897,999,,,,1897,999,,,,Syddjurs kommune,706,,3E9BC063-8002-4CAA-9DFA-38E41F2FF5BE,3E9BC063-8002-4CAA-9DFA-38E41F2FF5BE,Thorsager,Renseanlæg,-,-,,MBN,0,837.95528268,0,6476.7506164,0,729.1608908,0,310.19230976,0,84030.8,,590478.000000018,6245368.9999999
2017-21 gennemsnit,9700,999,,,,9700,999,,,,Ikast-Brande kommune,756,,3EE899B8-3EB0-48D9-ABBB-3CEBBF84103A,3EE899B8-3EB0-48D9-ABBB-3CEBBF84103A,Nørre Snede Renseanlæg,Renseanlæg,-,-,,MBNDK,1919.6868054,1919.6868054,15935.950034,15935.950034,1255.2861296,1255.2861296,179.09869788,179.09869788,420269.13334,420269.13334,,521253,6203943
2017-21 gennemsnit,340,999,,,,340,999,,,,Middelfart kommune,410,,3F20154C-7B7A-44C4-85D3-46FC50CB8C0F,3F20154C-7B7A-44C4-85D3-46FC50CB8C0F,Husby Renseanlæg,Renseanlæg,-,-,,BS  Biologisk sandfilter,13.3275445404,13.3275445404,150.624423274,150.624423274,439.00782182,439.00782182,60.06127793,60.06127793,6681.1999998,6681.1999998,,553894.000000001,6136295
2017-21 gennemsnit,65,999,,,,0,999,,,,Vejle Kommune,630,,3FB05436-B4EE-4F71-8E37-29D649166C4C,3FB05436-B4EE-4F71-8E37-29D649166C4C,HARRESØ KRO,Renseanlæg,-,-,,BS  Biologisk sandfilter,285.54,285.54,877.6,877.6,196.52,196.52,35.372,35.372,5314.4,5314.4,,523464,6183940
2017-21 gennemsnit,80,999,,,,80,999,,,,Næstved kommune,370,,3FB0E527-04A1-4955-BE45-77ED8933C0F8,3FB0E527-04A1-4955-BE45-77ED8933C0F8,Marjatta Strandvejen 11,Renseanlæg,-,-,,MBNDK,78.32,78.32,348.8,348.8,17.36,17.36,6.536,6.536,3270.4,3270.4,,692279.000000417,6116254.99999207
2017-21 gennemsnit,63000,999,,,,63000,999,,,,Ringkøbing-Skjern kommune,760,,3FBE989D-3FCE-486D-9F93-DCDBF2F14575,3FBE989D-3FCE-486D-9F93-DCDBF2F14575,Tarm,Renseanlæg,-,-,,MBNDK,12421.3556,12421.3556,134224.848308,134224.848308,8665,6697.1627338,643,491.76870142,2609673.2,2609673.2,,469079,6196436
2017-21 gennemsnit,1400,999,,,,1120,999,,,,Ringkøbing-Skjern kommune,760,,3AA3541A-3090-4C13-8F17-DD5AE18B7F3C,3AA3541A-3090-4C13-8F17-DD5AE18B7F3C,Tim,Renseanlæg,-,-,,MBNK,445.31914082,445.31914082,4442.7118162,4442.7118162,1168,458.24569942,107,43.207800016,215519.2,215519.2,,456438,6228401
2017-21 gennemsnit,89000,999,,DKCOAST35,SWB,89000,999,,VP3II,Indsats. Renseanlæg.,Næstved kommune,370,,40464C5B-4E1A-4C05-AD85-3AE54BF1781F,40464C5B-4E1A-4C05-AD85-3AE54BF1781F,NÆSTVED,Renseanlæg,Indsats. Renseanlæg.,-,"P: 0,1 mg/l.",MBNDK,21857.820096,21857.820096,253997.32542,253997.32542,30695.547234,30695.547234,5016.6997628,5016.6997628,8790305.6,8790305.6,,673249.000000346,6121683.99999573
2017-21 gennemsnit,70000,999,,DKCOAST121,SWB,70000,999,,VP3II,Indsats. Renseanlæg.,Billund kommune,530,,40E29349-FC1D-4404-ACF0-4003638DD8EA,40E29349-FC1D-4404-ACF0-4003638DD8EA,Grindsted,Renseanlæg,Indsats. Renseanlæg.,-,"N: 3,5 mg/l. P: 0,1 mg/l.",MBNDKL,17461.650638,17461.650638,192722.44442,192722.44442,19428.528836,19428.528836,1594.5990308,1594.5990308,4318105.4,4318105.4,,491411.394863364,6179838.87721395
2017-21 gennemsnit,654,999,,,,200,999,,,,Rebild Kommune,840,,41B9D177-460C-4E49-A2B7-C1DFA7F7383C,41B9D177-460C-4E49-A2B7-C1DFA7F7383C,Stenild,Renseanlæg,-,-,,MBK,0,70.434895,0,679.08881654,0,582.7316832,0,70.531879866,0,23637.19,,540778,6279980
2017-21 gennemsnit,3500,999,,,,3500,999,,,,Ærø Kommune,492,,41EB0F31-E156-4BDD-A229-FD5AE6155F43,41EB0F31-E156-4BDD-A229-FD5AE6155F43,Søby Renseanlæg,Renseanlæg,-,-,,MBNK,558.98571414,558.98571414,3543.0879778,3543.0879778,387.3226626,387.3226626,38.31128326,38.31128326,123626.2,123626.2,,579260.000000009,6088199.99999996
2017-21 gennemsnit,3500,999,,,,3500,999,,,,Faaborg-Midtfyn kommune,430,,426976E5-348B-4F31-86F9-D293A4D5FE02,426976E5-348B-4F31-86F9-D293A4D5FE02,Gislev Renseanlæg,Renseanlæg,-,-,,MBNKL,400.04774,400.04774,3649.1003,3649.1003,860.632036,860.632036,83.8593087,83.8593087,332643.7,332643.7,,602984.000000035,6120635.99999981
2017-21 gennemsnit,0,999,,,,400000,999,,,,HVIDOVRE KOMMUNE,167,,426FE009-D383-4E55-B365-9CD7DBE1ABDB,426FE009-D383-4E55-B365-9CD7DBE1ABDB,Spildevandscenter Avedøre,Renseanlæg,-,-,,MBNDK,66428.4702692,66428.4702692,715689.5912488,715689.5912488,130336.7072584,130336.7072584,17250.707085,17250.707085,24406929.7999998,24406929.7999998,,717274.999999911,6166622.99998244
2017-21 gennemsnit,13000,999,,,,5890,999,,,,Gribskov kommune,270,,435510D0-B775-40D8-811C-9FC6AD4ACCA5,435510D0-B775-40D8-811C-9FC6AD4ACCA5,Udsholt,Renseanlæg,-,-,,MBNDK,0,1255.1276164,0,14688.013322,0,1230.3816426,0,207.14776742,0,492500.6,,698138.000000191,6222232.99998919
2017-21 gennemsnit,120,999,,,,120,999,,,,Favrskov kommune,710,,44063F15-6ECE-49A2-9816-59B4E777F1D5,44063F15-6ECE-49A2-9816-59B4E777F1D5,Pøt Mølle,Renseanlæg,-,-,,Rodzoneanlæg,527.12,527.12,1620,1620,362.96,362.96,65.096,65.096,9811.2,9811.2,,555579.000000002,6238071.99999999
2017-21 gennemsnit,450,999,,,,450,999,,,,Faaborg-Midtfyn kommune,430,,44955C91-E4A4-4421-8F81-57146CC8EDEB,44955C91-E4A4-4421-8F81-57146CC8EDEB,Lyø Renseanlæg,Renseanlæg,-,-,,MBN,198.103040322,198.103040322,1050.5272456,1050.5272456,849.27885728,849.27885728,117.659591,117.659591,13880.6,13880.6,,573920.000000007,6101489.99999997
2017-21 gennemsnit,0,999,,,,125000,999,,,,LYNGBY-TAARBÆK KOMMUNE,173,,44F9A35F-2848-47F1-A82F-BDC2DA36947C,44F9A35F-2848-47F1-A82F-BDC2DA36947C,Mølleåværket A/S,Renseanlæg,-,-,,MBNDK,53907.5441742,53907.5441742,295920.217116,295920.217116,66437.8433506,66437.8433506,8465.372878,8465.372878,9383150.5999998,9383150.5999998,,724998.999999385,6191008.99997768
2017-21 gennemsnit,90,999,,,,90,999,,,,Guldborgsund Kommune,376,,450AE7B0-0DA5-4B28-A07C-7109D7E7D445,450AE7B0-0DA5-4B28-A07C-7109D7E7D445,Pomlenakke Traktørsted,Renseanlæg,-,-,,MB,79.2,79.2,243,243,55.44,55.44,9.08,9.08,709.2,709.2,,700825.414054948,6078219.32645884
2017-21 gennemsnit,850,999,,,,794,999,,,,Haderslev kommune,510,,4586DFF7-9706-4A7C-9C5F-DAFAFE847127,4586DFF7-9706-4A7C-9C5F-DAFAFE847127,NUSTRUP,Renseanlæg,-,-,,MBN,295.26093844,295.26093844,2212.5435942,2212.5435942,1312.897025,1312.897025,222.31148898,222.31148898,122052.8,122052.8,,510863,6127027
2017-21 gennemsnit,1233,999,,,,1083,999,,,,Hillerød kommune,219,,45C5F36D-0A60-435F-AADB-731CFD2ED5A2,45C5F36D-0A60-435F-AADB-731CFD2ED5A2,Uvelse,Renseanlæg,-,-,,MBND,0,288.65194456,0,2574.7673062,0,471.16499744,0,188.70059772,0,89815.1999998,,702368.761098012,6196437.95476798
2017-21 gennemsnit,0,999,,,,0,999,,,,Vejen kommune,575,,45DD853A-B266-4FC6-A2C3-E09F560C1950,45DD853A-B266-4FC6-A2C3-E09F560C1950,Hovborg,Renseanlæg,-,-,,0,462.20559836,462.20559836,3411.5678026,3411.5678026,1570.3389542,1570.3389542,285.44194774,285.44194774,117679.6,117679.6,,495891,6162269
2017-21 gennemsnit,100,999,,,,0,999,,,,Haderslev kommune,510,,460C85B3-BC2C-4A34-A0ED-F3BFE803C4A2,460C85B3-BC2C-4A34-A0ED-F3BFE803C4A2,PHILIPSBORG,Renseanlæg,-,-,,Mekanisk rens.,0,1537.2,0,3150,0,367.2,0,62.16,0,8176,,540961,6132992
2017-21 gennemsnit,150,999,,,,120,999,,,,Halsnæs kommune,260,,462A91D7-9280-4036-9FA3-D68232FB5B98,462A91D7-9280-4036-9FA3-D68232FB5B98,St. Havelse,Renseanlæg,-,-,,BS  Biologisk sandfilter,0,19.188494078,0,160.46745008,0,190.6218617,0,27.362129062,0,6741.1999998,,691988.000000295,6198770.99999131
2017-21 gennemsnit,15,999,,,,15,999,,,,Lolland kommune,360,,469FE428-F8A1-4876-86CB-6605190AFD43,469FE428-F8A1-4876-86CB-6605190AFD43,ROLØKKE,Renseanlæg,-,-,,Mekanisk rens.,0,186.5510908,0,382.1090908,0,44.316,0,7.069818,0,910.3999998,,635998.000000135,6086923.99999904
2017-21 gennemsnit,2540,999,,,,2540,999,,,,Favrskov kommune,710,,471CDB5C-C07A-4568-B89C-704C4E5EB01B,471CDB5C-C07A-4568-B89C-704C4E5EB01B,Voldum,Renseanlæg,-,-,,MBNK,0,178.74735252,0,2085.8741084,0,361.63438422,0,21.380191468,0,120145.2,,572866.000000006,6247865.99999997
2017-21 gennemsnit,50,999,,,,50,999,,,,Næstved kommune,370,,47553939-2230-4BE3-A5E1-F57147D58BB4,47553939-2230-4BE3-A5E1-F57147D58BB4,GULERODSHUSET,Renseanlæg,-,-,,MB,373.225,373.225,976.45,976.45,177.4,177.4,31.9125,31.9125,4088,4088,,675238.000000352,6128932.99999539
2017-21 gennemsnit,45,999,,,,45,999,,,,Faaborg-Midtfyn kommune,430,,47C3E9A4-F5FB-4C96-8674-9BE4E676EBB1,47C3E9A4-F5FB-4C96-8674-9BE4E676EBB1,Brangstrupskolen Renseanlæg,Renseanlæg,-,-,,Mekanisk rens.,691.77,691.77,1417.6,1417.6,165.18,165.18,27.944,27.944,3679.2,3679.2,,594940.000000023,6119699.99999988
2017-21 gennemsnit,24000,999,,,,24000,999,,,,Egedal Kommune,240,,48011C6B-6276-4AE3-A289-5C2B4E3B1508,48011C6B-6276-4AE3-A289-5C2B4E3B1508,Ølstykke,Renseanlæg,-,-,,MBNDK,4098.5393372,4098.5393372,38649.0115256,38649.0115256,4401.9589398,4401.9589398,532.65691084,532.65691084,1511092.0499998,1511092.0499998,,697018.000000286,6183417.99999004
2017-21 gennemsnit,100,999,,,,100,999,,,,Faxe kommune,320,,4821D6FE-D407-4186-92E3-BD415FA11AFC,4821D6FE-D407-4186-92E3-BD415FA11AFC,VEMMETOFTE,Renseanlæg,-,-,,Mekanisk rens.,1229.68,1229.68,2520,2520,293.72,293.72,49.656,49.656,6540.8,6540.8,,705128.000000329,6127722.99998815
2017-21 gennemsnit,630,999,,,,630,999,,,,Næstved kommune,370,,48364329-448F-4D5E-BFD1-577364836FF8,48364329-448F-4D5E-BFD1-577364836FF8,MENSTRUP,Renseanlæg,-,-,,MBNL,166.1777858,166.1777858,1713.7376664,1713.7376664,369.35542358,369.35542358,28.232736516,28.232736516,73944.2,73944.2,,663256.000000285,6121832.99999701
2017-21 gennemsnit,2200,999,,,,2200,999,,,,RINGSTED KOMMUNE,329,,487C360A-0DFA-4588-A95B-DE2E759B0FB0,487C360A-0DFA-4588-A95B-DE2E759B0FB0,SNESLEV,Renseanlæg,-,-,,MBNK,247.78106898,247.78106898,2362.4002318,2362.4002318,2040.2577684,2040.2577684,22.575039452,22.575039452,86971.3,86971.3,,680432.000000367,6140440.99999442
2017-21 gennemsnit,2500,999,,,,2200,999,,,,Skanderborg kommune,746,,489737E3-9B23-40D2-A71E-59C99A46F8CB,489737E3-9B23-40D2-A71E-59C99A46F8CB,Gl. Rye Renseanlæg,Renseanlæg,-,-,,MBNK,241.9124685,241.9124685,2198.1832724,2198.1832724,366.59895214,366.59895214,40.527201292,40.527201292,84357.683334,84357.683334,,543926.366335687,6212769.16834284
2017-21 gennemsnit,100,999,,,,88,999,,,,Hjørring kommune,860,,4976D3E3-533A-477A-9621-E97F0891EE3A,4976D3E3-533A-477A-9621-E97F0891EE3A,Morild,Renseanlæg,-,-,,BS  Biologisk sandfilter,0,10.7125348,0,51.5400556,0,55.6038898,0,4.9995991,0,3852.7999998,,573096.000000006,6359599.99999997
2017-21 gennemsnit,10000,999,,,,10000,999,,,,Favrskov kommune,710,,49870FC6-A8FF-451F-97EB-4209602766BD,49870FC6-A8FF-451F-97EB-4209602766BD,Drøsbro,Renseanlæg,-,-,,MBNK,0,1097.5035096,0,9548.0375956,0,984.6911208,0,95.87188078,0,377453,,547233.000000001,6241210
2017-21 gennemsnit,1000,999,,,,495,999,,,,Fredensborg kommune,210,,49E109DA-50FE-4EF6-A5EB-2E5BA8CAAC5D,49E109DA-50FE-4EF6-A5EB-2E5BA8CAAC5D,Karlebo Renseanlæg,Renseanlæg,-,-,,MBN,387.89274588,387.89274588,3170.6581184,3170.6581184,1731.0137716,1731.0137716,309.50796968,309.50796968,111394.3999998,111394.3999998,,712983.999999907,6202687.99998372
2017-21 gennemsnit,9800,999,,,,9650,999,,,,Fredensborg kommune,210,,4A65356F-6DAA-4948-ADFE-8A88926414A7,4A65356F-6DAA-4948-ADFE-8A88926414A7,Fredensborg Renseanlæg,Renseanlæg,-,-,,MBNDK,3107.1223314,3107.1223314,27907.1083142,27907.1083142,3081.468349,3081.468349,388.0497059,388.0497059,1009652.9999998,1009652.9999998,,712255.999999913,6207180.99998396
2017-21 gennemsnit,11000,999,,,,12500,999,,,,Nordfyns Kommune,480,,4B11C71E-8757-4A8E-80D4-77F019E73F57,4B11C71E-8757-4A8E-80D4-77F019E73F57,Otterup Renseanlæg,Renseanlæg,-,-,,MBNDKL,0,3868.897316,0,30164.86826,0,5497.8302722,0,371.54263962,0,1330163.8,,589401.531299761,6153704.49759058
2017-21 gennemsnit,85000,999,,,,40447,999,,,,Haderslev kommune,510,,4B7DA241-E48A-4387-B0BE-EB293758F7A6,4B7DA241-E48A-4387-B0BE-EB293758F7A6,HADERSLEV,Renseanlæg,-,-,,MBNDK,13187.409102,13187.409102,116474.02404,116474.02404,16018.070484,16018.070484,1790.2978604,1790.2978604,4932926.2,4932926.2,,532485,6122788
2017-21 gennemsnit,40000,999,,,,31696,999,,,,Furesø kommune,190,,4B8D3D56-D7EE-4288-9826-A2B86507B280,4B8D3D56-D7EE-4288-9826-A2B86507B280,Stavnsholt,Renseanlæg,-,-,,MBNDK,2752.4307918,2752.4307918,33814.9269124,33814.9269124,3875.05365,3875.05365,139.27156032,139.27156032,1458804.9999998,1458804.9999998,,713437.999999943,6190432.99998375
2017-21 gennemsnit,450,999,,,,480,999,,,,Herning kommune,657,,4BE995D1-66E5-4B76-A0F2-9F55A52D0308,4BE995D1-66E5-4B76-A0F2-9F55A52D0308,Hodsager,Renseanlæg,-,-,,MBN,353.15614074,353.15614074,2159.2542732,2159.2542732,364.62196116,364.62196116,88.820865954,88.820865954,62521,62521,,490339,6241483
2017-21 gennemsnit,2000,999,,,,1080,999,,,,Hillerød kommune,219,,4CCD4E13-3668-427C-8F79-6CAC1F359865,4CCD4E13-3668-427C-8F79-6CAC1F359865,Gadevang,Renseanlæg,-,-,,MBNKF,0,309.76418528,0,3066.2711152,0,521.39161198,0,25.73019689,0,112562.9999998,,704688.000000118,6207342.9999871
2017-21 gennemsnit,75,999,,,,75,999,,,,Slagelse kommune,330,,4CE37AAD-CA92-4C37-BE38-6C9003A1FB8D,4CE37AAD-CA92-4C37-BE38-6C9003A1FB8D,VEDSKØLLE,Renseanlæg,-,-,,MBN,58.5359752,58.5359752,259.954590818,259.954590818,114.061193346,114.061193346,21.016066818,21.016066818,1781.3999998,1781.3999998,,650269.000000206,6122793.99999818
2017-21 gennemsnit,148000,999,,,,148000,999,,,,RINGSTED KOMMUNE,329,,4DF2AEB8-E1BC-4287-90E4-4494EA1AD4C8,4DF2AEB8-E1BC-4287-90E4-4494EA1AD4C8,RINGSTED C,Renseanlæg,-,-,,MBNDKF,10592.6906872,10592.6906872,128896.28626,128896.28626,16664.17938,16664.17938,550.57732668,550.57732668,5150079.7166,5150079.7166,,676947.00000035,6145042.99999501
2017-21 gennemsnit,600,999,,,,600,999,,,,Kalundborg kommune,326,,4E742F82-657F-4337-82DA-C1A40BB4794E,4E742F82-657F-4337-82DA-C1A40BB4794E,ESKEBJERG,Renseanlæg,-,-,,MBNK,79.39114304,79.39114304,1013.9627734,1013.9627734,236.1045111,236.1045111,9.8155265706,9.8155265706,28802.4,28802.4,,644913.882474714,6177462.55567971
2017-21 gennemsnit,75,999,,,,75,999,,,,Stevns kommune,336,,4E8CE39A-FE8C-4089-8E71-58553D8FC41A,4E8CE39A-FE8C-4089-8E71-58553D8FC41A,Magnoliegården,Renseanlæg,-,-,,MBN,246.975,246.975,843.82,843.82,226.8,226.8,40.78,40.78,6132,6132,,702859.000000323,6140686.99998874
2017-21 gennemsnit,62500,999,,,,70000,999,,,,Bornholms Regionskommune,400,,50221B81-135C-4741-B1B8-22739038675D,50221B81-135C-4741-B1B8-22739038675D,Rønne Renseanlæg,Renseanlæg,-,-,,MBNDK,5952.8910756,5952.8910756,63557.829932,63557.829932,9903.635034,9903.635034,747.91065702,747.91065702,2849440.6,2849440.6,,862087.999832464,6120888.99963842
2017-21 gennemsnit,1770,999,,,,1770,999,,,,Langeland kommune,482,,50E7D9A9-E862-4EC9-8E47-2E6024013BA8,50E7D9A9-E862-4EC9-8E47-2E6024013BA8,Lohals Renseanlæg,Renseanlæg,-,-,,MBNDK,289.04682674,289.04682674,3246.320743,3246.320743,572.31881178,572.31881178,38.642392746,38.642392746,156100.4,156100.4,,620920.000000077,6110609.99999951
2017-21 gennemsnit,48000,999,,,,15047,999,,,,Favrskov kommune,710,,5191B081-DDE2-43BC-9B84-0A3DD8C66526,5191B081-DDE2-43BC-9B84-0A3DD8C66526,Hammel,Renseanlæg,-,-,,MBNDKF,0,1442.2149358,0,16424.315796,0,1522.1878796,0,103.70979016,0,672723.2,,552069.000000001,6234795
2017-21 gennemsnit,75,999,,,,75,999,,,,Guldborgsund Kommune,326,,51CC1A07-8D8D-4993-B3C1-EFF2F3931D43,51CC1A07-8D8D-4993-B3C1-EFF2F3931D43,Dyrehøjgård Minirenseanlæg,Renseanlæg,-,-,,MBN,99,99,337.52,337.52,92.4,92.4,15.12,15.12,2832,2832,,624684.9219313,6177785.44453393
2017-21 gennemsnit,80,999,,,,0,999,,,,Frederikssund kommune,250,,51EF2ABC-6C73-4304-B8A0-9C630D13B4A4,51EF2ABC-6C73-4304-B8A0-9C630D13B4A4,Rendebæk N,Renseanlæg,-,-,,Mekanisk rens.,1229.68,1229.68,2520,2520,293.72,293.72,49.656,49.656,6540.8,6540.8,,679518.000000326,6186167.99999428
2017-21 gennemsnit,25000,999,,,,25000,999,,,,Esbjerg kommune,561,,52270343-2F4B-4F2B-B0F2-85BEFCA108F8,52270343-2F4B-4F2B-B0F2-85BEFCA108F8,Ribe,Renseanlæg,-,-,,MBNDK,3981.9565184,3981.9565184,55199.304302,55199.304302,5113.712802,5113.712802,478.53541356,478.53541356,2090878.2,2090878.2,,483621,6131874
2017-21 gennemsnit,30,999,,,,0,999,,,,Bornholms Regionskommune,400,,52B231DB-DF0B-4915-B1A8-3184DB996D6F,52B231DB-DF0B-4915-B1A8-3184DB996D6F,Rømeregård,Renseanlæg,-,-,,BS  Biologisk sandfilter,131.68,131.68,405,405,90.64,90.64,16.264,16.264,2452.8,2452.8,,873612.99976937,6125984.99955936
2017-21 gennemsnit,4500,999,,,,4500,999,,,,Middelfart kommune,410,,531BC669-544A-46B4-9819-DD2A068619B9,531BC669-544A-46B4-9819-DD2A068619B9,Brenderup Renseanlæg,Renseanlæg,-,-,,MBNKL,1360.7061728,1360.7061728,11636.0774068,11636.0774068,1902.1735526,1902.1735526,211.50330548,211.50330548,584188.1999998,584188.1999998,,562250.000000003,6149244.99999999
2017-21 gennemsnit,90,999,,,,40,999,,,,Faaborg-Midtfyn kommune,430,,5415DE67-FE2D-429C-A5A4-7937ECDD931A,5415DE67-FE2D-429C-A5A4-7937ECDD931A,Toftegård Renseanlæg,Renseanlæg,-,-,,BS  Biologisk sandfilter,175.64,175.64,540,540,120.92,120.92,21.712,21.712,3270.4,3270.4,,589000.000000017,6124699.99999992
2017-21 gennemsnit,120,999,,,,120,999,,,,Rebild Kommune,840,,54B9E17A-4BB1-41CC-8CBC-FB47C4675FB2,54B9E17A-4BB1-41CC-8CBC-FB47C4675FB2,Hvingelhat (Himmerland Øst),Renseanlæg,-,-,,Rodzoneanlæg,368.944,368.944,1134,1134,254.064,254.064,45.5472,45.5472,6867.84,6867.84,,545043,6299777
2017-21 gennemsnit,1500,999,,,,1500,999,,,,Kalundborg kommune,326,,550762CE-B7F1-4F70-8CB2-7AC8B1C58E9E,550762CE-B7F1-4F70-8CB2-7AC8B1C58E9E,ULSTRUP,Renseanlæg,-,-,,MBK,0,271.80780412,0,1975.3112476,0,994.59382238,0,19.136441968,0,66158.6,,623443.000000083,6177723.9999994
2017-21 gennemsnit,4631,999,,,,4631,999,,,,Randers Kommune,730,,551FF1D2-2FD1-4E96-B807-D1A5055899E4,551FF1D2-2FD1-4E96-B807-D1A5055899E4,Råby Kær,Renseanlæg,-,-,,MBNK,1479.8671396,1479.8671396,11060.637764,11060.637764,3502.2893366,3502.2893366,156.48770994,156.48770994,382366.4,382366.4,,578592.000000009,6272203.99999995
2017-21 gennemsnit,6600,999,,,,7000,999,,,,Herning kommune,657,,5531C5D0-CAC4-4E09-870A-EF33465FADDA,5531C5D0-CAC4-4E09-870A-EF33465FADDA,Trehøje Øst,Renseanlæg,-,-,,MBNDK,3992.8740086,3992.8740086,31192.168874,31192.168874,5647.130661,5647.130661,427.84524534,427.84524534,1111443.8,1111443.8,,485343,6226265
2017-21 gennemsnit,5000,999,,,,5000,999,,,,Thisted Kommune,787,,557A85AA-248E-4F4E-B66F-30EF4FC17AC9,557A85AA-248E-4F4E-B66F-30EF4FC17AC9,Øsløs,Renseanlæg,-,-,,MBNDK,3272.9255864,3272.9255864,12390.113026,12390.113026,1277.5308596,1277.5308596,60.752201602,60.752201602,303815.2,303815.2,,500729,6319032
2017-21 gennemsnit,27500,999,,DKCOAST120,SWB,27500,999,,VP3II,Indsats. Renseanlæg.,Kolding kommune,621,,55A22A3A-0B54-4A5D-A2FB-125F7560CDA6,55A22A3A-0B54-4A5D-A2FB-125F7560CDA6,VAMDRUP RENSEANLÆG,Renseanlæg,Indsats. Renseanlæg.,-,"P: 0,1 mg/l.",MBNDK,6121.4136036,6121.4136036,52833.1155,52833.1155,5713.4895204,5713.4895204,556.4430899,556.4430899,1614644.8462,1614644.8462,,517550,6142240
2017-21 gennemsnit,32,999,,,,32,999,,,,Bornholms Regionskommune,400,,56066C4B-CA5B-4C3B-A6E7-F0B07BDAF468,56066C4B-CA5B-4C3B-A6E7-F0B07BDAF468,Pyttegården,Renseanlæg,-,-,,Urenset,180.06,180.06,369,369,39.28,39.28,6.832,6.832,817.6,817.6,,882713.999704839,6131258.99948599
2017-21 gennemsnit,25000,999,,,,18000,999,,,,Silkeborg Kommune,740,,564E2B8D-A48A-49C3-BB98-D092ABE75F49,564E2B8D-A48A-49C3-BB98-D092ABE75F49,Kjellerup,Renseanlæg,-,-,,MBNDK,4461.7252322,4461.7252322,31923.434324,31923.434324,1962.9161684,1962.9161684,372.60942316,372.60942316,1327960,1327960,,527385,6238601
2017-21 gennemsnit,4000,999,,,,4000,999,,,,Varde kommune,573,,56755C94-1A9D-40F4-8606-68959242D365,56755C94-1A9D-40F4-8606-68959242D365,Årre Renseanlæg,Renseanlæg,-,-,,MBNL,441.71785538,441.71785538,4397.7927052,4397.7927052,891.4412592,891.4412592,153.38556984,153.38556984,273438.6,273438.6,,479081,6157618
2017-21 gennemsnit,125000,999,,DKCOAST231,SWB,125000,999,,VP3II,Indsats. Renseanlæg.,Kolding kommune,621,,56BC1269-1886-4814-99C8-A6217793BCF5,56BC1269-1886-4814-99C8-A6217793BCF5,KOLDING CENTRALRENS.,Renseanlæg,Indsats. Renseanlæg.,-,"N: 3,5 mg/l.",MBNDK,39667.529184,39667.529184,288170.69064,288170.69064,45473.58885,45473.58885,6964.7209914,6964.7209914,10113916.6,10113916.6,,541560,6149060
2017-21 gennemsnit,10,999,,,,10,999,,,,Guldborgsund Kommune,376,,582D5171-5522-4E55-BE7D-CBF9519C9696,582D5171-5522-4E55-BE7D-CBF9519C9696,SØBORG,Renseanlæg,-,-,,Mekanisk rens.,153.66,153.66,315,315,36.64,36.64,6.272,6.272,817.6,817.6,,698425.000000457,6086382.99999077
2017-21 gennemsnit,50,999,,,,50,999,,,,Lolland kommune,360,,59569FB3-DC41-48B0-8E06-7396F98DC19E,59569FB3-DC41-48B0-8E06-7396F98DC19E,EURO HOTEL E4 SÆDINGE,Renseanlæg,-,-,,MB,137.9133332,137.9133332,493.4333332,493.4333332,135.9,135.9,31.2,31.2,4088,4088,,656768.000000256,6066783.99999781
2017-21 gennemsnit,14523,999,,,,14523,999,,,,Syddjurs kommune,706,,59C143EF-3F0D-4157-86BA-E113FB68BFFD,59C143EF-3F0D-4157-86BA-E113FB68BFFD,Mørke,Renseanlæg,-,-,,MBNDK,0,2588.1872544,0,22833.04336,0,2569.1794,0,333.5852575,0,940871.2,,585688.000000013,6245557.99999993
2017-21 gennemsnit,4500,999,,,,4500,999,,,,Vordingborg kommune,390,,59C37680-2669-48DC-8204-61544CB91642,59C37680-2669-48DC-8204-61544CB91642,PETERSVÆRFT,Renseanlæg,-,-,,MBNK,1365.0936812,1365.0936812,9181.276957,9181.276957,1929.2854868,1929.2854868,93.03381202,93.03381202,288425.2,288425.2,,696820.000000445,6095442.99999111
2017-21 gennemsnit,3500,999,,,,3500,999,,,,Faaborg-Midtfyn kommune,430,,59C4E892-28C3-4FAB-8BD6-31EA15D15A42,59C4E892-28C3-4FAB-8BD6-31EA15D15A42,Ryslinge Renseanlæg,Renseanlæg,-,-,,MBNDKL,0,560.89772594,0,5803.788304,0,1220.5434892,0,74.827299314,0,430063.4,,596503.071988862,6122390.10930148
2017-21 gennemsnit,40,999,,,,40,999,,,,Vordingborg kommune,390,,5A0B3B02-7C46-477D-B774-DFB41C896E3F,5A0B3B02-7C46-477D-B774-DFB41C896E3F,SPROVE HUSRÆKKE,Renseanlæg,-,-,,Mekanisk rens.,768.7,768.7,1575,1575,183.6,183.6,31.08,31.08,4088,4088,,703158.000000424,6094573.99998926
2017-21 gennemsnit,1500,999,,,,1500,999,,,,Aabenraa kommune,580,,5B2DA3FD-CA9E-4DBB-AB12-4F032684D5AB,5B2DA3FD-CA9E-4DBB-AB12-4F032684D5AB,Genner Renseanlæg,Renseanlæg,-,-,,MBN,0,737.0892362,0,4980.8460594,0,903.4056306,0,65.224815692,0,177739,,528385,6107890
2017-21 gennemsnit,27750,999,,,,27750,999,,,,Tønder kommune,550,,5B4E8C5E-8881-496F-96CB-91B8A6F80DA5,5B4E8C5E-8881-496F-96CB-91B8A6F80DA5,TØNDER,Renseanlæg,-,-,,MBNDK,4568.0332448,4568.0332448,82406.304248,82406.304248,3387.6886068,3387.6886068,313.75926238,313.75926238,1567057.2,1567057.2,,490672,6085995
2017-21 gennemsnit,7800,999,,,,7800,999,,,,Assens kommune,420,,5B6218F0-89AF-4171-8B0D-3315BC34D23B,5B6218F0-89AF-4171-8B0D-3315BC34D23B,Hårby Renseanlæg,Renseanlæg,-,-,,MBNDK,0,1083.7766016,0,7400.604228,0,1222.2254752,0,117.9147811,0,397134.8,,570892.000000005,6119231.99999998
2017-21 gennemsnit,300,999,,,,270,999,,,,Sorø kommune,340,,5BDAB355-C824-476D-94FC-79DF5878C2B4,5BDAB355-C824-476D-94FC-79DF5878C2B4,SKELLEBJERG,Renseanlæg,-,-,,MBNK,101.36304154,101.36304154,790.60728334,790.60728334,460.1446,460.1446,22.049944934,22.049944934,31288.933334,31288.933334,,654726.000000225,6157034.99999774
2017-21 gennemsnit,65,999,,,,65,999,,,,SAMSØ KOMMUNE,741,,5C58B950-1F75-4ED5-A2D8-2AFE54480AC2,5C58B950-1F75-4ED5-A2D8-2AFE54480AC2,"Stenvang, Lejrskole",Renseanlæg,-,-,,BS  Biologisk sandfilter,285.54,285.54,877.6,877.6,196.52,196.52,35.372,35.372,5314.4,5314.4,,596260.000000024,6191267.99999986
2017-21 gennemsnit,319,999,,,,319,999,,,,Lolland kommune,360,,5D3A97E3-27FD-4F89-A2BF-A74A09A35A91,5D3A97E3-27FD-4F89-A2BF-A74A09A35A91,VESTERBO SKOVBØLLE,Renseanlæg,-,-,,MBS,0,15.546765034,0,192.1052632,0,245.72772834,0,28.649987166,0,5812.1716664,,634848.00000013,6086353.99999909
2017-21 gennemsnit,115000,999,,DKCOAST204,SWB,115000,999,,VP3II,Indsats. Renseanlæg.,Slagelse kommune,330,,5D55A3EA-A761-4175-937B-6D3ECA8F4691,5D55A3EA-A761-4175-937B-6D3ECA8F4691,SLAGELSE,Renseanlæg,Indsats. Renseanlæg.,-,"N: 3,5 mg/l.",MBNDKL,8448.160865,8448.160865,101931.473308,101931.473308,15854.170676,15854.170676,2177.033978,2177.033978,3899673.6,3899673.6,,648219.000000192,6143823.99999828
2017-21 gennemsnit,100,999,,,,100,999,,,,Herning kommune,306,,5D92E367-2317-4620-A748-84E293E38FD0,5D92E367-2317-4620-A748-84E293E38FD0,Nyrup Renseanlæg,Renseanlæg,-,-,,MB,13.04,13.04,123.82,123.82,39.26,39.26,10.76,10.76,1721.2,1721.2,,662525.401945089,6201909.86458857
2017-21 gennemsnit,105000,999,,,,99480,999,,,,Silkeborg Kommune,740,,5D938E22-8CCC-4FD3-B15D-12ED26FBD4DC,5D938E22-8CCC-4FD3-B15D-12ED26FBD4DC,Søholt,Renseanlæg,-,-,,MBNDKS,14451.439118,14451.439118,137725.4469,137725.4469,16916.83765,16916.83765,770.66310022,770.66310022,4894099.8,4894099.8,,536393,6225568
2017-21 gennemsnit,60000,999,,,,60000,999,,,,Holbæk kommune,316,,5DC25B86-9EA0-4087-8F25-CA8408CBAED2,5DC25B86-9EA0-4087-8F25-CA8408CBAED2,HOLBÆK,Renseanlæg,-,-,,MBNDK,13646.906638,13646.906638,139016.86796,139016.86796,14589.532164,14589.532164,2720.5833394,2720.5833394,3320651.8,3320651.8,,671179.000000304,6178363.99999574
2017-21 gennemsnit,83000,999,,DKCOAST102,SWB,83000,999,,VP3II,Indsats. Renseanlæg.,Aabenraa kommune,580,,5DEEE420-608C-428A-887B-7DFDD6584D86,5DEEE420-608C-428A-887B-7DFDD6584D86,Stegholt Renseanlæg,Renseanlæg,Indsats. Renseanlæg.,-,,MBNDF,12144.3873676,12144.3873676,98484.30876,98484.30876,20944,21288.323158,3443,3193.2045226,4056902.2,4056902.2,,527759,6098535
2017-21 gennemsnit,7500,999,,,,4640,999,,,,Frederikshavn kommune,813,,5E19E433-BE1B-4C2B-8204-FCD02BAD9F72,5E19E433-BE1B-4C2B-8204-FCD02BAD9F72,Ålbæk,Renseanlæg,-,-,,MBNDK,1406.0266172,1406.0266172,20830.619784,20830.619784,1492.9577184,1492.9577184,249.7578603,249.7578603,524906,524906,,585963.000000013,6383930.99999991
2017-21 gennemsnit,4900,999,,,,4900,999,,,,Lolland kommune,360,,5E63B20E-6817-4100-BB0D-D607F1B01AC9,5E63B20E-6817-4100-BB0D-D607F1B01AC9,HORSLUNDE ØST,Renseanlæg,-,-,,MBN,392.74887726,392.74887726,4579.122635,4579.122635,1200,467.32575614,200,176.47592046,260602.6,260602.6,,642829.999998592,6086740.00012645
2017-21 gennemsnit,3200,999,,,,1100,999,,,,Nordfyns Kommune,480,,5E6544CE-0CA2-47CC-8857-EC1E0D44B717,5E6544CE-0CA2-47CC-8857-EC1E0D44B717,Hårslev Renseanlæg,Renseanlæg,-,-,,MBNKL,0,236.71636622,0,2282.1618226,0,442.89660082,0,35.097016458,0,124971.8,,568540.730324413,6151390.14523008
2017-21 gennemsnit,17000,999,,,,17000,999,,,,Holbæk kommune,316,,5E6BF9D2-96B3-40F5-BC5F-F3440BF1AF85,5E6BF9D2-96B3-40F5-BC5F-F3440BF1AF85,TYSINGE,Renseanlæg,-,-,,MBNK,2310.9715312,2310.9715312,24707.468608,24707.468608,2274.697185,2274.697185,178.28055372,178.28055372,935457,935457,,672916.00000032,6164107.99999555
2017-21 gennemsnit,120,999,,,,120,999,,,,Slagelse kommune,330,,5F452460-B7E1-4DD0-8E08-B18599DE51F2,5F452460-B7E1-4DD0-8E08-B18599DE51F2,SØNDER BJERGE,Renseanlæg,-,-,,MBN,14.609342002,14.609342002,170.58556154,170.58556154,164.90304756,164.90304756,29.509434422,29.509434422,3016.1999998,3016.1999998,,653341.000000223,6127504.99999793
2017-21 gennemsnit,600,999,,,,600,999,,,,Lolland kommune,360,,5F8C6847-AF24-4953-A441-030B9D6451EC,5F8C6847-AF24-4953-A441-030B9D6451EC,HYLDTOFTE ØSTERSØBAD,Renseanlæg,-,-,,MK,105.3324532718,105.3324532718,316.9722382,316.9722382,127.30512732,127.30512732,3.5326138466,3.5326138466,699.1999998,699.1999998,,655743.000000251,6057132.99999792
2017-21 gennemsnit,50,999,,,,50,999,,,,Middelfart kommune,410,,5F9213D9-6A8E-40F6-9B70-C498C264C8F3,5F9213D9-6A8E-40F6-9B70-C498C264C8F3,Fænø Gods Renseanlæg,Renseanlæg,-,-,,MBN,105.4,105.4,360,360,96.28,96.28,16.112,16.112,2390.4,2390.4,,544102,6149505
2017-21 gennemsnit,1500,999,,,,1500,999,,,,Guldborgsund Kommune,376,,6057FA42-F8DC-4A33-AD82-2C8FC70BAC99,6057FA42-F8DC-4A33-AD82-2C8FC70BAC99,KRUMSØ,Renseanlæg,-,-,,MBN,0,593.7578708,0,1377,0,551.53711418,0,152.843515316,0,87136.52,,667758.000000335,6064013.99999672
2017-21 gennemsnit,45,999,,,,45,999,,,,Lolland kommune,360,,606F05C8-874A-4086-A398-DB3D5ECB9623,606F05C8-874A-4086-A398-DB3D5ECB9623,ÅLESTRUP LDV. 24 SYD,Renseanlæg,-,-,,Mekanisk rens.,0,280.6796,0,612.208,0,75.1828,0,11.1674,0,1501.9999998,,647844.000000199,6071378.99999845
2017-21 gennemsnit,200,999,,,,200,999,,,,Lolland kommune,360,,6091F80E-A2EC-4513-99CC-52DD4EF9A13A,6091F80E-A2EC-4513-99CC-52DD4EF9A13A,FEJØ ØSTERBY,Renseanlæg,-,-,,Mekanisk rens.,153.145795184,153.145795184,1233.8371898,1233.8371898,291.42454194,291.42454194,32.9842296,32.9842296,5394.2033332,5394.2033332,,655987.000000246,6091456.99999781
2017-21 gennemsnit,50,999,,,,100,999,,,,Vordingborg kommune,390,,60BBBD3E-6DD6-4C00-A9A0-71502C53857F,60BBBD3E-6DD6-4C00-A9A0-71502C53857F,Bøgede Strandvej,Renseanlæg,-,-,,Mekanisk rens.,507.298,507.298,1039.6,1039.6,121.084,121.084,20.4816,20.4816,2698.08,2698.08,,701708.000000403,6108342.99998954
2017-21 gennemsnit,40000,999,,,,40000,999,,,,Lolland kommune,360,,60CF9DCD-F751-4D64-8648-7EAEA1DEA006,60CF9DCD-F751-4D64-8648-7EAEA1DEA006,HUNSEBY STRAND,Renseanlæg,-,-,,MBNDK,8589.771106,8589.771106,83493.057544,83493.057544,11455.394354,11455.394354,1931.0087814,1931.0087814,2863522.8,2863522.8,,663399.999998521,6079300.00012644
2017-21 gennemsnit,194000,999,,,,160000,999,,,,Frederikshavn kommune,813,,610F2B92-8D5F-4B3E-9866-CF4E66BACD83,610F2B92-8D5F-4B3E-9866-CF4E66BACD83,Skagen,Renseanlæg,-,-,,MBNDK,41332.73738,41332.73738,200904.31564,200904.31564,52784.816806,52784.816806,4521.7259512,4521.7259512,3425094.2,3425094.2,,595593.000000022,6398195.99999983
2017-21 gennemsnit,0,999,,,,0,999,,,,Viborg kommune,791,,612BB87D-4E98-4744-917D-4E3A06FA4F13,612BB87D-4E98-4744-917D-4E3A06FA4F13,Ørum,Renseanlæg,-,-,,0,415.92325308,415.92325308,3195.3938582,3195.3938582,695,850.1074772,71,33.383146264,133150.2,133150.2,,539818,6259883
2017-21 gennemsnit,10000,999,,,,9000,999,,,,Thisted Kommune,787,,620CD2D5-D289-45E0-8D30-275770BDA4D1,620CD2D5-D289-45E0-8D30-275770BDA4D1,Vilsund,Renseanlæg,-,-,,MBNDK,3467.5613244,3467.5613244,22683.65573,22683.65573,4398.6969972,4398.6969972,331.14584172,331.14584172,972117.4,972117.4,,477549,6302012
2017-21 gennemsnit,45,999,,,,45,999,,,,Lolland kommune,360,,623777D3-CD6E-47B0-8C4F-EECD6164DE1D,623777D3-CD6E-47B0-8C4F-EECD6164DE1D,KØBELEV,Renseanlæg,-,-,,MBS,0,79.9253436,0,254.11378,0,72.4698,0,10.775841,0,1449.9199998,,636838.000000139,6085993.99999901
2017-21 gennemsnit,30,999,,,,30,999,,,,Holstebro kommune,661,,628B7A8C-7027-4AF9-8E01-42EFF5E9AE42,628B7A8C-7027-4AF9-8E01-42EFF5E9AE42,VINDERUP CAMPING,Renseanlæg,-,-,,Mekanisk rens.,461.18,461.18,945,945,110.12,110.12,18.576,18.576,2452.8,2452.8,,487871,6259224
2017-21 gennemsnit,6700,999,,,,6700,999,,,,Lejre kommune,350,,638433D1-79B9-46F4-8394-04D6E39E63C6,638433D1-79B9-46F4-8394-04D6E39E63C6,Ejby,Renseanlæg,-,-,,MBNDKL,1426.6687756,1426.6687756,12368.018008,12368.018008,1582.3299746,1582.3299746,228.76774718,228.76774718,484835.2,484835.2,,678409.000000332,6176840.99999455
2017-21 gennemsnit,50,999,,,,50,999,,,,Holbæk kommune,316,,63EC2E8B-38B1-4CBC-B3F4-DFCEC0F7D80B,63EC2E8B-38B1-4CBC-B3F4-DFCEC0F7D80B,BENNEBO,Renseanlæg,-,-,,Mekanisk rens.,768.7,768.7,1575,1575,183.6,183.6,31.08,31.08,4088,4088,,655119.000000225,6168573.99999767
2017-21 gennemsnit,5400,999,,,,5400,999,,,,Favrskov kommune,710,,64229F2F-881C-49AE-9CA2-C0AFD9ACCD64,64229F2F-881C-49AE-9CA2-C0AFD9ACCD64,Ulstrup,Renseanlæg,-,-,,MBNDK,1252.3229752,1252.3229752,11226.088228,11226.088228,1593.2208446,1593.2208446,89.68785036,89.68785036,518807.8,518807.8,,550197.000000001,6250249
2017-21 gennemsnit,30,999,,,,30,999,,,,Ringkøbing-Skjern kommune,760,,6426958F-EB10-4F0D-9E2F-040B1409EDD1,6426958F-EB10-4F0D-9E2F-040B1409EDD1,ØRBÆK,Renseanlæg,-,-,,Mekanisk rens.,461.18,461.18,945,945,110.12,110.12,18.576,18.576,2452.8,2452.8,,487110,6190140
2017-21 gennemsnit,40,999,,,,40,999,,,,Køge kommune,259,,644434D1-E6AF-4D7E-A5E9-47BBB16FFC00,644434D1-E6AF-4D7E-A5E9-47BBB16FFC00,Slimminge Skolehjem,Renseanlæg,-,-,,MBN,131.68,131.68,450,450,120.92,120.92,21.712,21.712,3270.4,3270.4,,687465.000000376,6147564.99999292
2017-21 gennemsnit,6500,999,,,,6500,999,,,,Frederikssund kommune,250,,647E9AFA-8B31-4C8B-8258-5EDF3AD6B4E4,647E9AFA-8B31-4C8B-8258-5EDF3AD6B4E4,Hyllingeriis,Renseanlæg,-,-,,MBNDK,881.00298908,881.00298908,10062.812988,10062.812988,1527.6848846,1527.6848846,77.122838136,77.122838136,389342.3999998,389342.3999998,,691238.000000319,6185642.99999165
2017-21 gennemsnit,57000,999,,DKCOAST104,SWB,57000,999,,VP3II,Indsats. Renseanlæg.,Sønderborg kommune,540,,64B4366B-5A0C-4587-88B3-9B34FDFD9125,64B4366B-5A0C-4587-88B3-9B34FDFD9125,SØNDERBORG CENTRALRENSEANLÆG,Renseanlæg,Indsats. Renseanlæg.,-,,MBNDK,20739.890388,20739.890388,127183.11858,127183.11858,28700,24363.177404,2050,1412.7978506,4464857,4464857,,549200.000000001,6086637
2017-21 gennemsnit,4500,999,,,,4500,999,,,,Herning kommune,657,,6579AE38-0FDF-4DBC-A9BE-7C0056179239,6579AE38-0FDF-4DBC-A9BE-7C0056179239,Kibæk,Renseanlæg,-,-,,MBNK,903.584221,903.584221,7600.9897776,7600.9897776,1336.4125492,1336.4125492,171.41295328,171.41295328,408710.2,408710.2,,490108,6209720
2017-21 gennemsnit,12400,999,,DKCOAST120,SWB,9000,999,,VP3II,Indsats. Renseanlæg.,Vejen kommune,575,,65885ABC-91F3-4B09-A6F5-E90353F97CFC,65885ABC-91F3-4B09-A6F5-E90353F97CFC,RØDDING,Renseanlæg,Indsats. Renseanlæg.,-,"P: 0,1 mg/l.",MBNDK,3032.5727586,3032.5727586,23243.649652,23243.649652,2820.6774388,2820.6774388,530.89860866,530.89860866,976903.8,976903.8,,502702,6135929
2017-21 gennemsnit,20,999,,,,20,999,,,,Lolland kommune,360,,662C38E4-BE04-4FD3-A178-160A78BAE931,662C38E4-BE04-4FD3-A178-160A78BAE931,SPIDSBY SYD,Renseanlæg,-,-,,Mekanisk rens.,0,308.05,0,630,0,75.9,0,12.64,0,1548.8,,638258.000000147,6071253.99999896
2017-21 gennemsnit,400,999,,,,131,999,,,,Hjørring kommune,860,,6635350E-C5EA-41A3-8BD8-6546039EE2B9,6635350E-C5EA-41A3-8BD8-6546039EE2B9,Sønderskov,Renseanlæg,-,-,,BS  Biologisk sandfilter,0,505.35276236,0,1127.848241,0,474.4380101,0,72.76460532,0,8563.7999998,,567977.000000004,6368103.99999998
2017-21 gennemsnit,40,999,,,,40,999,,,,Hjørring kommune,860,,669D7EB2-EC09-4268-A8F4-20FBB155C4C8,669D7EB2-EC09-4268-A8F4-20FBB155C4C8,Liver Mølle kro,Renseanlæg,-,-,,Mekanisk rens.,614.84,614.84,1260,1260,146.96,146.96,24.808,24.808,3270.4,3270.4,,554813.000000001,6371137.99999999
2017-21 gennemsnit,1200,999,,,,0,999,,,,Haderslev kommune,510,,66BC8062-4009-49B7-9800-A4046606C337,66BC8062-4009-49B7-9800-A4046606C337,OVER JERSTAL,Renseanlæg,-,-,,MBN,0,2701.8747724,0,22169.297466,0,3047.6982158,0,472.01129244,0,192546,,517648.764915664,6117259.61273579
2017-21 gennemsnit,250,999,,,,250,999,,,,Slagelse kommune,330,,66C5D2F0-581B-42DA-A487-F512A2DBCE12,66C5D2F0-581B-42DA-A487-F512A2DBCE12,SØNDERUP,Renseanlæg,-,-,,Mekanisk rens.,1804.475,1804.475,6023.1666666,6023.1666666,862.1083332,862.1083332,116.8233332,116.8233332,26780.8,26780.8,,649768.0000002,6148634.99999815
2017-21 gennemsnit,1200,999,,,,1200,999,,,,Odsherred kommune,306,,67AD723D-8ED7-4172-A6AE-03A2CC101E9D,67AD723D-8ED7-4172-A6AE-03A2CC101E9D,ABILDØRE,Renseanlæg,-,-,,MBNDK,191.70133654,191.70133654,2195.7631972,2195.7631972,513.64296048,513.64296048,22.574164008,22.574164008,78533.753846,78533.753846,,666752.000000279,6189674.99999631
2017-21 gennemsnit,175,999,,,,175,999,,,,ODDER KOMMUNE,727,,68751010-8943-46AF-8892-81A4B59BC8A0,68751010-8943-46AF-8892-81A4B59BC8A0,"Amstrup Ege, Sommerhuse",Renseanlæg,-,-,,Bassinanlæg,2690.15,2690.15,5512.6,5512.6,642.7,642.7,108.68,108.68,14308,14308,,570625.000000005,6193306.99999998
2017-21 gennemsnit,500,999,,,,500,999,,,,Herning kommune,306,,69096EE9-4347-45BE-8857-D18057FE478A,69096EE9-4347-45BE-8857-D18057FE478A,Lumsås Renseanlæg,Renseanlæg,-,-,,MB,85.46,85.46,674.72,674.72,240.58,240.58,51,51,20522,20522,,657510.388892964,6203794.44017769
2017-21 gennemsnit,150,999,,,,70,999,,,,Sønderborg kommune,540,,69116425-A117-44B1-B894-25998FDADFA8,69116425-A117-44B1-B894-25998FDADFA8,BALLEBRO FÆRGEKRO,Renseanlæg,-,-,,MB,553.92,553.92,1386,1386,228.56,228.56,41,41,5723.2,5723.2,,542750,6094953
2017-21 gennemsnit,1400,999,,,,1400,999,,,,Vordingborg kommune,390,,69ECB0BB-057B-4D2E-9A66-7319AC10B07C,69ECB0BB-057B-4D2E-9A66-7319AC10B07C,DAMME ASKEBY,Renseanlæg,-,-,,MBN,106.422359666,106.422359666,1058.0434882,1058.0434882,144.2843656,144.2843656,8.7067601922,8.7067601922,40174.8,40174.8,,701737.00000044,6090328.99998976
2017-21 gennemsnit,6000,999,,,,4350,999,,,,ALLERØD KOMMUNE,201,,6A00F296-7E8A-4310-B75C-6A14CB374D6A,6A00F296-7E8A-4310-B75C-6A14CB374D6A,Sjælsmark Renseanlæg,Renseanlæg,-,-,,MBNDKF,907.0668083,907.0668083,8354.6964416,8354.6964416,1236.7633042,1236.7633042,116.94260662,116.94260662,387214.1999998,387214.1999998,,717193.999999766,6197517.9999818
2017-21 gennemsnit,225,999,,,,225,999,,,,Sønderborg kommune,540,,6A23DA9E-E096-40E2-A033-0DF2F3C669F2,6A23DA9E-E096-40E2-A033-0DF2F3C669F2,KETTINGSKOV SOMMERHUSOMRÅDE,Renseanlæg,-,-,,Mekanisk rens.,3458.65,3458.65,7087.6,7087.6,826.3,826.3,139.76,139.76,18396,18396,,564964.000000003,6090790.99999999
2017-21 gennemsnit,450,999,,,,450,999,,,,Lolland kommune,360,,6AE278CD-2055-4633-ACC5-8D7D729DFCD9,6AE278CD-2055-4633-ACC5-8D7D729DFCD9,FEMØ,Renseanlæg,-,-,,Mekanisk rens.,893.4949896,893.4949896,2680.623766,2680.623766,258.0093222,258.0093222,42.466727534,42.466727534,6749.6966664,6749.6966664,,661319.000000281,6094096.99999731
2017-21 gennemsnit,5600,999,,,,4500,999,,,,Holbæk kommune,316,,6AEABEFC-915F-48BD-AE24-3473E801FCF0,6AEABEFC-915F-48BD-AE24-3473E801FCF0,REGSTRUP,Renseanlæg,-,-,,MBNDK,0,1499.1069454,0,10316.9167464,0,1317.5235912,0,211.0758713,0,328107.6,,663869.000000271,6172613.99999674
2017-21 gennemsnit,4500,999,,,,4500,999,,,,Tønder kommune,550,,6B0DD0D3-540D-49B3-931C-3C83B37E27B3,6B0DD0D3-540D-49B3-931C-3C83B37E27B3,HAVNEBY,Renseanlæg,-,-,,MBNK,732.61507546,732.61507546,4594.8523486,4594.8523486,1142.2563756,1142.2563756,70.1519384,70.1519384,142521.6,142521.6,,471891,6102909
2017-21 gennemsnit,133000,999,,,,117000,999,,,,Hjørring kommune,860,,6BA64D23-D2C7-4E1D-9068-8B38B388DFE0,6BA64D23-D2C7-4E1D-9068-8B38B388DFE0,Hirtshals,Renseanlæg,-,-,,MBNDK,6514.6215158,6514.6215158,94018.562358,94018.562358,4987.8035762,4987.8035762,310.62790896,310.62790896,3038764,3038764,,556323.000000002,6383961.99999999
2017-21 gennemsnit,4500,999,,,,4500,999,,,,Bornholms Regionskommune,400,,6C2A0209-2B8C-46B4-BA31-0DC1FE232C37,6C2A0209-2B8C-46B4-BA31-0DC1FE232C37,Svaneke Renseanlæg,Renseanlæg,-,-,,MBK,1754.2002686,1754.2002686,14658.12617,14658.12617,1726.3457308,1726.3457308,320.4598493,320.4598493,522815,522815,,891790.999635821,6124957.99941133
2017-21 gennemsnit,5500,999,,,,5500,999,,,,Lejre kommune,350,,6C47C5A7-5CA1-42C1-94FE-710424585488,6C47C5A7-5CA1-42C1-94FE-710424585488,Osted,Renseanlæg,-,-,,MBNDKL,714.0297106,714.0297106,6780.6541752,6780.6541752,715.3717334,715.3717334,75.85302358,75.85302358,338404.4,338404.4,,686216.000000357,6163203.99999307
2017-21 gennemsnit,131,999,,,,125,999,,,,Brønderslev kommune,810,,6C9A3067-5D9A-4960-9657-724CAAD5D3AA,6C9A3067-5D9A-4960-9657-724CAAD5D3AA,Thorup,Renseanlæg,-,-,,BS  Biologisk sandfilter,14.273482696,14.273482696,160.38787102,160.38787102,312.44395276,312.44395276,30.792965324,30.792965324,4882.2599998,4882.2599998,,573778.000000006,6338801.99999997
2017-21 gennemsnit,6700,999,,,,6700,999,,,,Tønder kommune,550,,6D00E2EC-3103-48F6-A236-1287359676F2,6D00E2EC-3103-48F6-A236-1287359676F2,LØGUMKLOSTER,Renseanlæg,-,-,,MBNDK,3016.4955542,3016.4955542,18275.07114,18275.07114,2927.3261466,2927.3261466,145.0213555,145.0213555,861689.4,861689.4,,496241,6100895
2017-21 gennemsnit,160,999,,,,160,999,,,,Bornholms Regionskommune,400,,6D640077-BC5A-430E-A3E1-50E96D88D803,6D640077-BC5A-430E-A3E1-50E96D88D803,Brændesgårdshaven,Renseanlæg,-,-,,BS  Biologisk sandfilter,263.56,263.56,810,810,181.48,181.48,32.528,32.528,4905.6,4905.6,,888965.999659141,6126343.99943589
2017-21 gennemsnit,200,999,,,,200,999,,,,Lolland kommune,360,,6D8D86AA-FE7F-4331-9A8D-C83BD27D2B79,6D8D86AA-FE7F-4331-9A8D-C83BD27D2B79,FEJØ VESTERBY,Renseanlæg,-,-,,Mekanisk rens.,178.2401766,178.2401766,1431.2136498,1431.2136498,276.31137254,276.31137254,31.320848834,31.320848834,7569.3366664,7569.3366664,,652046.000000222,6090395.99999812
2017-21 gennemsnit,70,999,,,,70,999,,,,Slagelse kommune,330,,6E7C86FF-1473-4BED-9097-6A71CB6C08CA,6E7C86FF-1473-4BED-9097-6A71CB6C08CA,STRANDGÅRD,Renseanlæg,-,-,,Mekanisk rens.,1076.02,1076.02,2205,2205,257.08,257.08,43.384,43.384,5723.2,5723.2,,638680.000000145,6122779.99999887
2017-21 gennemsnit,199,999,,,,199,999,,,,Slagelse kommune,820,,6EBA9C24-49B0-4623-BC8C-8427D6DC5D82,6EBA9C24-49B0-4623-BC8C-8427D6DC5D82,Vitskøl Kloster,Renseanlæg,-,-,,MBND,88,88,360,360,16.8,16.8,20.16,20.16,2988,2988,,512856,6302936
2017-21 gennemsnit,800,999,,,,800,999,,,,Slagelse kommune,330,,6ECB862F-F9AD-43F3-8B3B-0C0B7FE4C6A0,6ECB862F-F9AD-43F3-8B3B-0C0B7FE4C6A0,AGERSØ,Renseanlæg,-,-,,MBND,92.687072482,92.687072482,894.5563666,894.5563666,83.07790279,83.07790279,30.0558626,30.0558626,16637.733334,16637.733334,,639979.000000152,6120713.99999881
2017-21 gennemsnit,900,999,,,,720,999,,,,Ringkøbing-Skjern kommune,760,,6ECF7F11-AD76-4D7A-8593-4958792F9DFA,6ECF7F11-AD76-4D7A-8593-4958792F9DFA,Hover,Renseanlæg,-,-,,MBNK,0,433.25210614,0,3076.8992594,0,715.0102024,0,52.927191444,0,97767.6,,464803,6221798
2017-21 gennemsnit,1500,999,,,,1500,999,,,,Slagelse kommune,330,,6F4D7639-1D37-41EA-88AE-92A75446F8DD,6F4D7639-1D37-41EA-88AE-92A75446F8DD,BISSERUP,Renseanlæg,-,-,,MBNK,181.396694,181.396694,1442.3724584,1442.3724584,267.93418166,267.93418166,39.698988466,39.698988466,42114.208334,42114.208334,,658357.000000255,6120205.99999751
2017-21 gennemsnit,800,999,,,,445,999,,,,Holstebro kommune,661,,6F572180-0E0F-44E5-854C-C6A02B1F4402,6F572180-0E0F-44E5-854C-C6A02B1F4402,Bur,Renseanlæg,-,-,,MBN,257.06908844,257.06908844,1465.044635,1465.044635,249.71673326,249.71673326,22.893180164,22.893180164,50924.2,50924.2,,464617,6246246
2017-21 gennemsnit,25000,999,,,,25000,999,,,,HELSINGØR KOMMUNE,217,,6F9B251A-96A9-43AB-B488-B37D10618947,6F9B251A-96A9-43AB-B488-B37D10618947,Nordkysten,Renseanlæg,-,-,,MBNDK,9836.9142382,9836.9142382,57643.2880982,57643.2880982,6543.1117846,6543.1117846,838.99893442,838.99893442,1910488.353846,1910488.353846,,715467.999999721,6221812.99998212
2017-21 gennemsnit,35,999,,,,35,999,,,,Haderslev kommune,510,,6FE6A5FE-2BD5-40E1-80BC-946FBACF33D0,6FE6A5FE-2BD5-40E1-80BC-946FBACF33D0,FERIEBOLIGER,Renseanlæg,-,-,,MB,131.68,131.68,405,405,90.64,90.64,16.264,16.264,2452.8,2452.8,,517660,6136674
2017-21 gennemsnit,1400,999,,,,1400,999,,,,Silkeborg Kommune,740,,6FF8A690-7876-469E-869D-BEF39EDF5C63,6FF8A690-7876-469E-869D-BEF39EDF5C63,Laven,Renseanlæg,-,-,,MBNDKL,0,195.32289922,0,1407.314652,0,262.42280014,0,11.382953384,0,66513.6,,544992.000000001,6220235
2017-21 gennemsnit,8700,999,,,,8700,999,,,,MORSØ KOMMUNE,773,,700DD295-2DD0-45E1-81B4-A7F9ECF7AFA6,700DD295-2DD0-45E1-81B4-A7F9ECF7AFA6,Karby,Renseanlæg,-,-,,MBNDK,970.90295944,970.90295944,7478.0437816,7478.0437816,1882.2945148,1882.2945148,139.16473836,139.16473836,348164.4,348164.4,,472359,6290682
2017-21 gennemsnit,50,999,,,,50,999,,,,Middelfart kommune,410,,7043DFF3-E579-48F9-9954-9F8A10243B91,7043DFF3-E579-48F9-9954-9F8A10243B91,Middelgrundvej 14 Renseanlæg,Renseanlæg,-,-,,Mekanisk rens.,768.7,768.7,1575,1575,183.6,183.6,31.08,31.08,4088,4088,,551620.000000001,6156670
2017-21 gennemsnit,90,999,,,,75,999,,,,SAMSØ KOMMUNE,741,,706F31F9-3A06-4EE6-B606-DDC3D377DE39,706F31F9-3A06-4EE6-B606-DDC3D377DE39,Toftebjerg,Renseanlæg,-,-,,BS  Biologisk sandfilter,27.739974432,27.739974432,211.82479498,211.82479498,51.811554326,51.811554326,7.6635509696,7.6635509696,3898.7999998,3898.7999998,,600413.00000003,6193890.99999982
2017-21 gennemsnit,10,999,,,,10,999,,,,SAMSØ KOMMUNE,741,,70D0171E-9589-4594-AF84-7B355387469F,70D0171E-9589-4594-AF84-7B355387469F,Kolby Kås Havn,Renseanlæg,-,-,,Mekanisk rens.,153.66,153.66,315,315,36.64,36.64,6.272,6.272,817.6,817.6,,595749.000000024,6184562.99999987
2017-21 gennemsnit,50,999,,,,50,999,,,,Vejen kommune,575,,7138AC04-9894-4452-81EF-AFD83F983B0D,7138AC04-9894-4452-81EF-AFD83F983B0D,MOJBØL,Renseanlæg,-,-,,Bassinanlæg,477.105,477.105,1018.55,1018.55,123.5825,123.5825,19.5945,19.5945,4088,4088,,511030.999999878,6127881.00012653
2017-21 gennemsnit,36125,999,,,,33208,999,,,,Brønderslev kommune,810,,71752C7F-956A-4DD8-A105-B78C743C2883,71752C7F-956A-4DD8-A105-B78C743C2883,Brønderslev,Renseanlæg,-,-,,MBNDK,10917.790118,10917.790118,74837.082166,74837.082166,11690.230704,11690.230704,1177.7563524,1177.7563524,3094061.4,3094061.4,,555005.000000001,6348184.99999999
2017-21 gennemsnit,40,999,,,,40,999,,,,Vordingborg kommune,390,,71E95B91-9905-48CF-8081-4432E16F1E8F,71E95B91-9905-48CF-8081-4432E16F1E8F,FANEFJORD SKOVPAVILLON,Renseanlæg,-,-,,Mekanisk rens.,768.7,768.7,1575,1575,183.6,183.6,31.08,31.08,4088,4088,,705678.000000419,6088423.99998853
2017-21 gennemsnit,42500,999,,,,42500,999,,,,Ringkøbing-Skjern kommune,760,,72C7B161-F6D6-4F5A-B365-14078E5087DA,72C7B161-F6D6-4F5A-B365-14078E5087DA,Ringkøbing,Renseanlæg,-,-,,MBNDK,5285.104002,5285.104002,53250.721312,53250.721312,11776,7825.4004688,932,688.99634136,2075056.4,2075056.4,,452345.999999999,6216349
2017-21 gennemsnit,120000,999,,,,88888,999,,,,Hjørring kommune,860,,72DAFA61-0E8B-445F-966C-95201F651BCD,72DAFA61-0E8B-445F-966C-95201F651BCD,Hjørring,Renseanlæg,-,-,,MBNDKL,18386.560362,18386.560362,132240.44746,132240.44746,21812.11994,21812.11994,1109.7760766,1109.7760766,5088498.6,5088498.6,,558368.000000002,6364641.99999999
2017-21 gennemsnit,2500,999,,,,2500,999,,,,Frederikssund kommune,250,,73C13472-F0AD-40BB-BB69-BE960A71C511,73C13472-F0AD-40BB-BB69-BE960A71C511,Vejleby,Renseanlæg,-,-,,MBNDKL,274.09097352,274.09097352,3385.0659956,3385.0659956,602.30634278,602.30634278,37.365302638,37.365302638,158274.3999998,158274.3999998,,680343.000000331,6183142.99999414
2017-21 gennemsnit,400,999,,,,450,999,,,,Bornholms Regionskommune,400,,741FF7C2-A018-4112-A5E0-DFB1588FA833,741FF7C2-A018-4112-A5E0-DFB1588FA833,Vestermarie Renseanlæg,Renseanlæg,-,-,,MB,150.38075896,150.38075896,1597.1214662,1597.1214662,481.29512308,481.29512308,87.974876996,87.974876996,87719.2,87719.2,,870782.99978753,6122895.99958102
2017-21 gennemsnit,48000,999,,,,48000,999,,,,Frederikssund kommune,250,,7437B2CA-6AAB-4950-A395-4A858A7BB461,7437B2CA-6AAB-4950-A395-4A858A7BB461,Frederikssund,Renseanlæg,-,-,,MBNDK,14323.145789,14323.145789,103854.1863928,103854.1863928,12778.7808444,12778.7808444,1198.93353092,1198.93353092,1982906.9999998,1982906.9999998,,692078.000000306,6191512.99999136
2017-21 gennemsnit,15828,999,,,,15828,999,,,,Lolland kommune,360,,74C1038D-9777-4799-8D7C-2B98C1C79424,74C1038D-9777-4799-8D7C-2B98C1C79424,RØDBY HAVN,Renseanlæg,-,-,,MBNDK,2222.9185814,2222.9185814,27544.351786,27544.351786,3435.9600046,3435.9600046,323.76847068,323.76847068,925388,925388,,652009.999998562,6058450.0001264
2017-21 gennemsnit,70,999,,,,70,999,,,,Bornholms Regionskommune,400,,74D2953E-AE9E-480C-BEB9-3CCE851BAC9E,74D2953E-AE9E-480C-BEB9-3CCE851BAC9E,Hotel Rosengården,Renseanlæg,-,-,,Mekanisk rens.,230.59,230.59,472.6,472.6,55.06,55.06,9.368,9.368,1226.4,1226.4,,877449.999752504,6114712.99953767
2017-21 gennemsnit,7000,999,,,,804,999,,,,Hjørring kommune,860,,74E83AE0-28E4-459B-84FF-4230CD9439BF,74E83AE0-28E4-459B-84FF-4230CD9439BF,Vogn,Renseanlæg,-,-,,MBK,0,94.06276054,0,950.27465622,0,77.590758,0,17.4827428478,0,44056,,580218.000000009,6374841.99999994
2017-21 gennemsnit,220000,999,,,,220000,999,,,,Aarhus Kommune,751,,7531C778-8E3A-4F67-92D2-B6EBE8F454B6,7531C778-8E3A-4F67-92D2-B6EBE8F454B6,Marselisborg,Renseanlæg,-,-,,MBNDKF,0,18709.636576,0,259803.71888,0,60663.132524,0,2639.1366694,0,10219943.0,,577327.21291696,6222369.87451514
2017-21 gennemsnit,200,999,,,,124,999,,,,Rebild Kommune,840,,756B2B7C-953F-4E8E-9425-111D197D25EF,756B2B7C-953F-4E8E-9425-111D197D25EF,Borremose u. skole,Renseanlæg,-,-,,Rodzoneanlæg,0,27.88,0,81,0,27.14,0,6.14,0,2638.64,,534831,6291645
2017-21 gennemsnit,130000,999,,,,130000,999,,,,Thisted Kommune,787,,75AE5EE8-9AEF-4C8F-9739-9D09946BDF54,75AE5EE8-9AEF-4C8F-9739-9D09946BDF54,Hanstholm Renseanlæg,Renseanlæg,-,-,,MBNDK,2999.8386554,2999.8386554,26118.184218,26118.184218,29400,5504.3775992,3675,697.41709886,849497.2,849497.2,,475779,6331332
2017-21 gennemsnit,7000,999,,,,9500,999,,,,Nordfyns Kommune,480,,75C5FD33-70C5-47E2-9F64-34063B5CABA4,75C5FD33-70C5-47E2-9F64-34063B5CABA4,Bogense Renseanlæg,Renseanlæg,-,-,,MBNDK,2451.8376076,2451.8376076,20544.027738,20544.027738,3631.1203398,3631.1203398,283.71718472,283.71718472,961659.2,961659.2,,569330.000000005,6159799.99999998
2017-21 gennemsnit,300,999,,,,300,999,,,,Slagelse kommune,330,,75EAF4CA-4C09-4917-9826-5539949925C9,75EAF4CA-4C09-4917-9826-5539949925C9,DALHOLM CAMP.,Renseanlæg,-,-,,Mekanisk rens.,1537.2,1537.2,3150,3150,367.2,367.2,62.16,62.16,8176,8176,,643809.00000017,6129183.99999859
2017-21 gennemsnit,12000,999,,,,12000,999,,,,Stevns kommune,336,,767527F4-D217-4C60-BD59-D61DE2837FC0,767527F4-D217-4C60-BD59-D61DE2837FC0,U8 ST.HEDDINGE,Renseanlæg,-,-,,MBNDK,1516.2852462,1516.2852462,14124.22884,14124.22884,1083.02255306,1083.02255306,146.82956522,146.82956522,502045.2,502045.2,,713568.000000154,6135973.99998475
2017-21 gennemsnit,60000,999,,,,70000,999,,,,Nyborg kommune,450,,76D16D91-C12C-4711-BAB8-1781501314E2,76D16D91-C12C-4711-BAB8-1781501314E2,Nyborg Centralrenseanlæg,Renseanlæg,-,-,,MBNDK,30769.484104,30769.484104,186994.60096,186994.60096,26000,28151.135404,4000,2474.065658,3457161.2,3457161.2,,618260.000000068,6128769.99999956
2017-21 gennemsnit,1650,999,,,,1650,999,,,,Vordingborg kommune,390,,7706BDE9-7060-4C62-9DBB-23773735D834,7706BDE9-7060-4C62-9DBB-23773735D834,BOGØ,Renseanlæg,-,-,,MBN,171.89237018,171.89237018,1869.51093,1869.51093,234.24750408,234.24750408,33.590340256,33.590340256,56026,56026,,695327.000000455,6089198.99999157
2017-21 gennemsnit,3200,999,,,,3200,999,,,,Assens kommune,420,,77364FCB-73BE-4129-9D15-5D0F636698B1,77364FCB-73BE-4129-9D15-5D0F636698B1,Tommerup St. Renseanlæg,Renseanlæg,-,-,,MBNDKL,0,461.10499908,0,4756.239329,0,812.89023228,0,53.381811118,0,245562.4,,574618.000000007,6134530.99999997
2017-21 gennemsnit,900,999,,,,614,999,,,,Haderslev kommune,510,,774139BB-4BEC-4AF5-BC33-56609A8695C0,774139BB-4BEC-4AF5-BC33-56609A8695C0,JEGERUP,Renseanlæg,-,-,,MBNS,0,77.92483539,0,885.4490374,0,652.87287864,0,146.24771012,0,33381.4,,518257.240045351,6126681.21773495
2017-21 gennemsnit,10000,999,,,,10000,999,,,,Køge kommune,259,,774C429D-BC8D-43E3-88DE-A4BB12619E9B,774C429D-BC8D-43E3-88DE-A4BB12619E9B,Borup,Renseanlæg,-,-,,MBNDK,1508.3241344,1508.3241344,15758.758888,15758.758888,1833.5649148,1833.5649148,321.0791523,321.0791523,817667.9,817667.9,,688073.000000371,6152032.99999275
2017-21 gennemsnit,26200,999,,,,26200,999,,,,Odsherred kommune,306,,7750AF81-3DFA-4BBA-AEA5-DA14A397D3F6,7750AF81-3DFA-4BBA-AEA5-DA14A397D3F6,Fårevejle renseanlæg,Renseanlæg,-,-,,MBNDK,4263.179305,4263.179305,40893.668304,40893.668304,3213.9363062,3213.9363062,504.4850659,504.4850659,1135220.0834,1135220.0834,,655601.000000224,6183615.99999758
2017-21 gennemsnit,60,999,,,,60,999,,,,Langeland kommune,482,,77DDEC78-D4D4-4D09-A6B6-45A554BD5B5A,77DDEC78-D4D4-4D09-A6B6-45A554BD5B5A,Feriekoloni Østerhusevej 25,Renseanlæg,-,-,,Mekanisk rens.,922.36,922.36,1890,1890,220.24,220.24,37.352,37.352,4905.6,4905.6,,624070.000000087,6110449.99999943
2017-21 gennemsnit,66,999,,,,66,999,,,,Lolland kommune,360,,7836DE2A-FB1E-4372-97DE-89B2761C346B,7836DE2A-FB1E-4372-97DE-89B2761C346B,ONSEVIG CAMPING,Renseanlæg,-,-,,Mekanisk rens.,399.756,399.756,819,819,95.408,95.408,16.1552,16.1552,2125.76,2125.76,,636115.000000136,6090190.99999903
2017-21 gennemsnit,50,999,,,,50,999,,,,Ringkøbing-Skjern kommune,760,,78B33D91-0BF7-42E7-9BB1-B1FDD302117B,78B33D91-0BF7-42E7-9BB1-B1FDD302117B,BORRIS LANDBRUGSSKOLE,Renseanlæg,-,-,,MBN,164.65,164.65,562.6,562.6,151.2,151.2,27.12,27.12,4088,4088,,476915,6201519
2017-21 gennemsnit,52500,999,,,,52500,999,,,,Sønderborg kommune,540,,78E127C0-2FF4-4FD8-B2E5-9C88C04B9208,78E127C0-2FF4-4FD8-B2E5-9C88C04B9208,HUK,Renseanlæg,-,-,,MBNDK,0,3351.1259642,0,26242.06628,0,5366.1356378,0,440.0217482,0,1045190.36,,537052,6082118
2017-21 gennemsnit,0,999,,,,0,999,,,,Holbæk kommune,316,,79937E32-8C7B-4C76-AD85-CDD7AC986F42,79937E32-8C7B-4C76-AD85-CDD7AC986F42,GEDEBJERG CAMPING,Renseanlæg,-,-,,Mekanisk rens.,4611.6,4611.6,9450,9450,1101.6,1101.6,186.28,186.28,24528,24528,,673369.000000324,6160933.9999955
2017-21 gennemsnit,0,999,,,,38000,999,,,,ODDER KOMMUNE,727,,7A230714-9CF5-43E2-A21B-8D99BB3297B6,7A230714-9CF5-43E2-A21B-8D99BB3297B6,"Odder, Odder Å",Renseanlæg,-,-,,MBNDKF,504.00176518,504.00176518,4529.7494296,4529.7494296,849.66481984,849.66481984,33.500962948,33.500962948,193126.8,193126.8,,572399.000000006,6205357.99999997
2017-21 gennemsnit,10000,999,,,,10000,999,,,,Sønderborg kommune,540,,7A55E5A1-D938-435E-B204-00C8A25D099A,7A55E5A1-D938-435E-B204-00C8A25D099A,BROAGER VIG,Renseanlæg,-,-,,MBNDK,0,2874.599605,0,21178.671754,0,2757.3847858,0,220.35555372,0,776173.4,,542328,6081805
2017-21 gennemsnit,50,999,,,,50,999,,,,Hedensted Kommune,766,,7AE83097-18CB-494A-9C78-A34D56BE7995,7AE83097-18CB-494A-9C78-A34D56BE7995,"Livsstilsefterskolen Hjarnø, Hovedvejen 41, 7130 Juelsminde",Renseanlæg,-,-,,Mekanisk rens.,737.888,737.888,1512,1512,176.344,176.344,29.8496,29.8496,3924.48,3924.48,,568500.000000004,6187719.99999998
2017-21 gennemsnit,1250,999,,,,1250,999,,,,RINGSTED KOMMUNE,329,,7B188370-C404-47BF-B4A9-D0B6C75B4F9F,7B188370-C404-47BF-B4A9-D0B6C75B4F9F,ØRSLEV,Renseanlæg,-,-,,MBNK,118.07610932,118.07610932,1147.0328656,1147.0328656,1186.2317326,1186.2317326,10.55400372,10.55400372,53970.9,53970.9,,684546.000000379,6141326.99999361
2017-21 gennemsnit,2000,999,,,,2000,999,,,,Esbjerg kommune,561,,7CF09844-1BC8-4D76-9F70-2488AEAF2FA9,7CF09844-1BC8-4D76-9F70-2488AEAF2FA9,Gørding,Renseanlæg,-,-,,MBNDK,700.25830044,700.25830044,7442.622839,7442.622839,917.8315924,917.8315924,109.2922097,109.2922097,357844.2,357844.2,,487401,6148370
2017-21 gennemsnit,510,999,,,,470,999,,,,Syddjurs kommune,706,,7D3CA1FA-ED57-4EE6-85B4-5E4335810EE4,7D3CA1FA-ED57-4EE6-85B4-5E4335810EE4,Rugård Camping,Renseanlæg,-,-,,Mekanisk rens.,7224.82,7224.82,14805,14805,1725.88,1725.88,291.824,291.824,38427.2,38427.2,,612849.000000053,6237931.99999962
2017-21 gennemsnit,120,999,,DKLAKE684,SWB,100,999,,VP3II,Indsats. Renseanlæg.,Gribskov kommune,270,,7DEA292D-605B-4299-8D37-82CE5A8B7CF9,7DEA292D-605B-4299-8D37-82CE5A8B7CF9,Gribskovlejren,Renseanlæg,-,Indsats. Renseanlæg.,"P: 0,22 mg/l.",MBN,395.24,395.24,1350,1350,362.96,362.96,65.096,65.096,9811.2,9811.2,,706784.000000052,6213191.99998618
2017-21 gennemsnit,300,999,,,,258,999,,,,Rebild Kommune,840,,7EE23627-553D-4772-A299-321ED6EBAA72,7EE23627-553D-4772-A299-321ED6EBAA72,Hellum,Renseanlæg,-,-,,MBL,0,364.85324666,0,2296.5156666,0,545.55681,0,69.872528266,0,46924.786668,,558287.000000002,6297208.99999999
2017-21 gennemsnit,131,999,,,,130,999,,,,Herning kommune,657,,7F069FBA-BCE5-48C7-9E58-7B8564C7E819,7F069FBA-BCE5-48C7-9E58-7B8564C7E819,Abildå,Renseanlæg,-,-,,MBN,22.231375302,22.231375302,260.06832696,260.06832696,97.2761941,97.2761941,16.997994138,16.997994138,7492.7999998,7492.7999998,,476447,6224833
2017-21 gennemsnit,0,999,,,,0,999,,,,Skanderborg kommune,746,,7FCC00B6-74D0-403B-96BA-1FD470DFDF80,7FCC00B6-74D0-403B-96BA-1FD470DFDF80,Låsby,Renseanlæg,-,-,,0,0,1379.881488,0,7427.280021,0,1600.3105926,0,62.731728304,0,305577,,550384.000000001,6224769
2017-21 gennemsnit,70,999,,,,70,999,,,,Slagelse kommune,330,,801BE234-212B-41F2-AE9E-0485F8EBAC27,801BE234-212B-41F2-AE9E-0485F8EBAC27,TYSTOFTE,Renseanlæg,-,-,,Mekanisk rens.,1076.02,1076.02,2205,2205,257.08,257.08,43.384,43.384,5723.2,5723.2,,647704.000000192,6124973.99999835
2017-21 gennemsnit,4800,999,,,,2600,999,,,,Langeland kommune,482,,82A71294-BFE5-43AD-BFB4-BF9879C1ACD9,82A71294-BFE5-43AD-BFB4-BF9879C1ACD9,Harsbjerg Renseanlæg,Renseanlæg,-,-,,MBNDK,575.27043592,575.27043592,5848.1725694,5848.1725694,1137.8465253,1137.8465253,66.279223538,66.279223538,255089.2,255089.2,,607150.000000043,6068059.99999978
2017-21 gennemsnit,40,999,,,,40,999,,,,Guldborgsund Kommune,376,,82AEEB00-A154-43D8-B81D-3C8E848FFB5A,82AEEB00-A154-43D8-B81D-3C8E848FFB5A,STANGERUP,Renseanlæg,-,-,,Mekanisk rens.,0,246.12,0,504,0,63.28,0,10.704,0,1516.4,,695238.000000465,6082793.99999166
2017-21 gennemsnit,100,999,,,,100,999,,,,Ringkøbing-Skjern kommune,760,,82D24024-FCE4-463C-8F95-616D06E6AFBB,82D24024-FCE4-463C-8F95-616D06E6AFBB,THORAGER CAMPING,Renseanlæg,-,-,,Mekanisk rens.,1537.2,1537.2,3150,3150,367.2,367.2,62.16,62.16,8176,8176,,453626.999999999,6229337
2017-21 gennemsnit,7500,999,,,,7500,999,,,,Ærø Kommune,492,,83656869-48D7-44D7-96BA-AF7CC3B24C24,83656869-48D7-44D7-96BA-AF7CC3B24C24,Marstal Renseanlæg,Renseanlæg,-,-,,MBNDK,1870.7099244,1870.7099244,10088.7334254,10088.7334254,1252.0365118,1252.0365118,111.64566542,111.64566542,432546.2,432546.2,,597360.000000026,6081289.99999987
2017-21 gennemsnit,2700,999,,,,2700,999,,,,Holstebro kommune,661,,83A5AC21-AA28-4576-AD58-8D9B798BAD0D,83A5AC21-AA28-4576-AD58-8D9B798BAD0D,Vemb,Renseanlæg,-,-,,MBNK,1548.974886,1548.974886,13426.344718,13426.344718,1487.730596,1487.730596,122.50079028,122.50079028,546394,546394,,459728,6243951
2017-21 gennemsnit,7000,999,,,,6001,999,,,,Guldborgsund Kommune,376,,83EAFC16-F43C-4BFD-8292-6F327F60C7FA,83EAFC16-F43C-4BFD-8292-6F327F60C7FA,NAGELSTI ENGMOSEVEJ,Renseanlæg,-,-,,MBNDK,2070.9114934,2070.9114934,17550.91679,17550.91679,1712.7574698,1712.7574698,355.84238142,355.84238142,597183.2,597183.2,,683238.000000435,6071423.99999438
2017-21 gennemsnit,4800,999,,,,6000,999,,,,Langeland kommune,482,,840FC5FE-D115-407B-9CF9-39391955990D,840FC5FE-D115-407B-9CF9-39391955990D,Brandsby Renseanlæg,Renseanlæg,-,-,,MBNDK,1806.573191,1806.573191,15659.017412,15659.017412,4723.0966078,4723.0966078,197.37840804,197.37840804,540731.8,540731.8,,614600.000000059,6077279.99999966
2017-21 gennemsnit,200,999,,,,195,999,,,,Silkeborg Kommune,740,,852DC153-F5B0-48C9-BC59-93C4AC13FE3E,852DC153-F5B0-48C9-BC59-93C4AC13FE3E,Vrads,Renseanlæg,-,-,,Rodzoneanlæg,0,55.92923822,0,391.66477926,0,197.68412582,0,43.461582268,0,10075.9999998,,527948,6211155
2017-21 gennemsnit,200,999,,,,200,999,,,,Slagelse kommune,330,,869DBB48-AC93-44A3-96DA-194AC4B901ED,869DBB48-AC93-44A3-96DA-194AC4B901ED,KLARSKOVGÅRD,Renseanlæg,-,-,,MB,527.2,527.2,1620,1620,469.57166666,469.57166666,70.9751133334,70.9751133334,9389.1,9389.1,,638509.000000144,6130913.99999887
2017-21 gennemsnit,16500,999,,,,16210,999,,,,ALLERØD KOMMUNE,201,,86AECD8A-9242-462F-BDDC-44AD5F6A9F8A,86AECD8A-9242-462F-BDDC-44AD5F6A9F8A,Lillerød Renseanlæg,Renseanlæg,-,-,,MBNDK,7123.0765968,7123.0765968,54755.4866106,54755.4866106,6943.1911796,6943.1911796,848.23364738,848.23364738,1753489.9999998,1753489.9999998,,707808.345351475,6197556.61401297
2017-21 gennemsnit,7500,999,,,,7500,999,,,,Ærø Kommune,492,,86C6A529-D210-4052-A4B1-C3D552AE91C5,86C6A529-D210-4052-A4B1-C3D552AE91C5,Ærøskøbing Renseanlæg,Renseanlæg,-,-,,MBNDK,1070.4640936,1070.4640936,7873.9151478,7873.9151478,863.80773388,863.80773388,79.41229243,79.41229243,281661.4,281661.4,,591220.000000019,6082899.99999991
2017-21 gennemsnit,2300,999,,,,2300,999,,,,Vordingborg kommune,390,,8759FBAB-F4B0-49DF-9D58-131D2FB02939,8759FBAB-F4B0-49DF-9D58-131D2FB02939,KALVEHAVE,Renseanlæg,-,-,,MBKF,2903.7212508,2903.7212508,13129.277158,13129.277158,3288.8772092,3288.8772092,201.43589462,201.43589462,125290.2,125290.2,,700953.000000428,6098313.9999899
2017-21 gennemsnit,1200000,999,,,,1200000,999,,,,KØBENHAVNS KOMMUNE,101,,8793F333-AD28-446D-8D0E-C9C854CA4A6D,8793F333-AD28-446D-8D0E-C9C854CA4A6D,Renseanlæg Lynetten,Renseanlæg,-,-,,MBNDK,241115.46796,241115.46796,2682381.7536,2682381.7536,398858.75082,398858.75082,41222.23526,41222.23526,59686865.3999998,59686865.3999998,,728971.982872336,6178599.2704319
2017-21 gennemsnit,350000,999,,,,470000,999,,,,KØBENHAVNS KOMMUNE,101,,87C30072-633C-440B-B3A1-1B0F529ACF6F,87C30072-633C-440B-B3A1-1B0F529ACF6F,Renseanlæg Damhusåen,Renseanlæg,-,-,,MBNDK,100657.11092,100657.11092,860927.77044,860927.77044,159866.5791,159866.5791,14925.383632,14925.383632,27049307.1999998,27049307.1999998,,729478.836056744,6177669.13831521
2017-21 gennemsnit,4500,999,,,,4520,999,,,,Guldborgsund Kommune,376,,885190FE-7B89-4F8D-9F66-AE500DCB1CFA,885190FE-7B89-4F8D-9F66-AE500DCB1CFA,GEDSER,Renseanlæg,-,-,,MBK,494.67643552,494.67643552,6493.6652152,6493.6652152,982.1752344,982.1752344,148.03583844,148.03583844,166902.04286,166902.04286,,690186.00000049,6050930.99999315
2017-21 gennemsnit,100,999,,,,100,999,,,,Slagelse kommune,370,,895EA9B4-9574-48CC-BCB5-757B47B28F40,895EA9B4-9574-48CC-BCB5-757B47B28F40,Holløse,Renseanlæg,-,-,,MBN,95.62,95.62,335.56,335.56,91.52,91.52,16.736,16.736,2296.4,2296.4,,670343.600000325,6130809.59999611
2017-21 gennemsnit,73000,999,,,,30000,999,,,,Vesthimmerlands kommune,820,,89CA42D1-62DB-415B-AE2B-2A08B6D82355,89CA42D1-62DB-415B-AE2B-2A08B6D82355,Løgstør,Renseanlæg,-,-,,MBNDKL,0,3835.9057952,0,33094.823692,0,9053.9796352,0,523.00350232,0,1293863.9858,,516466.99999981,6314271.27011408
2017-21 gennemsnit,700,999,,,,700,999,,,,Næstved kommune,370,,89EFB61A-10A8-446D-AA40-0B27CA28767D,89EFB61A-10A8-446D-AA40-0B27CA28767D,VALLENSVED,Renseanlæg,-,-,,MBNL,163.69369608,163.69369608,1629.448233,1629.448233,377.4329052,377.4329052,44.060035692,44.060035692,71116.8,71116.8,,667418.000000309,6127992.99999649
2017-21 gennemsnit,50,999,,,,50,999,,,,Slagelse kommune,326,,8B211E0D-1221-4DD1-882B-00E7BBC994F4,8B211E0D-1221-4DD1-882B-00E7BBC994F4,Højbo Friskole Minirenseanlæg,Renseanlæg,-,-,,MBNK,44,44,180,180,61.6,61.6,1.44,1.44,1888,1888,,646987.918829496,6175159.52871372
2017-21 gennemsnit,80,999,,,,80,999,,,,Næstved kommune,370,,8B33AF99-F1B3-42DA-88F4-E2BFFFD71110,8B33AF99-F1B3-42DA-88F4-E2BFFFD71110,MARJATTA,Renseanlæg,-,-,,MB,264.106,264.106,1014.12,1014.12,288.04,288.04,45.338,45.338,7358.4,7358.4,,692418.000000417,6116442.99999204
2017-21 gennemsnit,9000,999,,,,9000,999,,,,MORSØ KOMMUNE,773,,8B8D2024-57F3-4340-B158-51A6AEB96F17,8B8D2024-57F3-4340-B158-51A6AEB96F17,Langtoftegård (Sundby),Renseanlæg,-,-,,MBNDK,0,475.6053364,0,4428.7856394,0,1085.8889282,0,79.340480028,0,222787.8,,478319,6302222
2017-21 gennemsnit,17500,999,,,,17500,999,,,,Rudersdal kommune,230,,8C2755D9-74B6-44F8-9823-B272988D9B73,8C2755D9-74B6-44F8-9823-B272988D9B73,Vedbæk,Renseanlæg,-,-,,MBNDK,5970.4994862,5970.4994862,46355.06893,46355.06893,8001.4336904,8001.4336904,1278.75395404,1278.75395404,1782198.6,1782198.6,,723739.999999436,6195369.99997831
2017-21 gennemsnit,4500,999,,,,4500,999,,,,Faaborg-Midtfyn kommune,430,,8C40B489-554B-4E0B-9FA0-0BF3E2AC25E5,8C40B489-554B-4E0B-9FA0-0BF3E2AC25E5,Ferritslev Renseanlæg,Renseanlæg,-,-,,MBNDKL,1026.6077168,1026.6077168,7446.0638846,7446.0638846,2389.686097,2389.686097,133.62063066,133.62063066,632467.2,632467.2,,601061.000000031,6131216.99999983
2017-21 gennemsnit,4200,999,,,,4200,999,,,,Kalundborg kommune,326,,8C9F9346-7DCB-4DEA-9AAC-BDE568716AD1,8C9F9346-7DCB-4DEA-9AAC-BDE568716AD1,HAVNSØ,Renseanlæg,-,-,,MBNDK,646.4945216,646.4945216,6059.7866868,6059.7866868,826.01229858,826.01229858,61.353882456,61.353882456,207415.2,207415.2,,646119.000000176,6181633.99999834
2017-21 gennemsnit,670,999,,,,244,999,,,,Kalundborg kommune,326,,8CFAE8B1-A7DC-4594-837B-09FDB72E2852,8CFAE8B1-A7DC-4594-837B-09FDB72E2852,UGERLØSE CAMPING,Renseanlæg,-,-,,Mekanisk rens.,2690.15,2690.15,5512.6,5512.6,642.7,642.7,108.68,108.68,14308,14308,,633100.000000118,6165699.99999907
2017-21 gennemsnit,6000,999,,,,6000,999,,,,Hedensted Kommune,766,,8CFF9EBE-10FF-4285-AE92-7D4AFDE4F8B8,8CFF9EBE-10FF-4285-AE92-7D4AFDE4F8B8,Tørring Renseanlæg,Renseanlæg,-,-,,MBNK,2960.88253,2960.88253,17110.8932352,17110.8932352,2795.8937176,2795.8937176,185.38192832,185.38192832,563937.1999998,563937.1999998,,530720,6190130
2017-21 gennemsnit,200,999,,,,200,999,,,,Holbæk kommune,316,,8D4BC663-590C-4D90-9D65-BC3CA82C1F18,8D4BC663-590C-4D90-9D65-BC3CA82C1F18,NÆSBY,Renseanlæg,-,-,,MB,0,123.275279058,0,754.59055364,0,230.54773636,0,33.919195846,0,9285.0799998,,678278.000000323,6187553.9999945
2017-21 gennemsnit,65,999,,,,65,999,,,,Syddjurs kommune,706,,8DD5ABC8-A358-456B-B31F-16EE1293ADCA,8DD5ABC8-A358-456B-B31F-16EE1293ADCA,Hyllested Skovgårde,Renseanlæg,-,-,,MB,0,38.0237768,0,270.22296834,0,111.34583314,0,23.8893752,0,5704.9166664,,610983.000000049,6235845.99999966
2017-21 gennemsnit,6500,999,,,,6500,999,,,,Assens kommune,420,,8DFF6C02-3602-4CCD-B557-AA6410F928C0,8DFF6C02-3602-4CCD-B557-AA6410F928C0,Gummerup Renseanlæg,Renseanlæg,-,-,,MBNDKL,1191.468278,1191.468278,11067.3089022,11067.3089022,1928.5480392,1928.5480392,133.36786128,133.36786128,608309.2,608309.2,,571820.000000006,6123819.99999998
2017-21 gennemsnit,4000,999,,,,4000,999,,,,Kalundborg kommune,326,,90BA72BD-DFAE-4695-B354-3FA3F3A5D178,90BA72BD-DFAE-4695-B354-3FA3F3A5D178,VISKINGE,Renseanlæg,-,-,,MBNDK,1465.5010832,1465.5010832,9547.572386,9547.572386,1628.7049314,1628.7049314,99.42256183,99.42256183,338801,338801,,643267.000000163,6171542.99999855
2017-21 gennemsnit,7500,999,,,,7500,999,,,,Nordfyns Kommune,480,,91072027-63E7-40A6-93AB-39B6E2C77778,91072027-63E7-40A6-93AB-39B6E2C77778,Hofmansgave Renseanlæg,Renseanlæg,-,-,,MBNDK,0,1152.2295012,0,14495.667914,0,1686.5621484,0,141.13771542,0,442203.8,,594370.000000022,6156834.99999988
2017-21 gennemsnit,70000,999,,,,70000,999,,,,BALLERUP KOMMUNE,151,,91185982-7213-48BC-B55D-B19E793DD4B7,91185982-7213-48BC-B55D-B19E793DD4B7,Måløv Rens,Renseanlæg,-,-,,MBNDKS,10625.2630522,10625.2630522,115700.5737162,115700.5737162,19776.0861448,19776.0861448,2695.0211578,2695.0211578,4066695.7999998,4066695.7999998,,708335.00000011,6184402.99998605
2017-21 gennemsnit,180,999,,,,199,999,,,,Herning kommune,657,,917FE66B-D81A-45FE-97DC-9D5842604886,917FE66B-D81A-45FE-97DC-9D5842604886,Karstoft,Renseanlæg,-,-,,Rodzoneanlæg,115.332815846,115.332815846,939.902068,939.902068,327.597403632,327.597403632,63.355923302,63.355923302,19007.4,19007.4,,496506,6199288
2017-21 gennemsnit,0,999,,,,0,999,,,,Lejre kommune,350,,91BA11C6-118E-4789-B061-53497BDD673A,91BA11C6-118E-4789-B061-53497BDD673A,Borrevejle,Renseanlæg,-,-,,0,411.825,411.825,1406.18,1406.18,378,378,67.9,67.9,10220,10220,,684839.000000347,6171529.9999933
2017-21 gennemsnit,24000,999,,,,11005,999,,,,Ringkøbing-Skjern kommune,760,,933BEF15-BC51-4C66-8625-A38A5EE3F3F8,933BEF15-BC51-4C66-8625-A38A5EE3F3F8,Hvide Sande,Renseanlæg,-,-,,MBNDK,1605.986829,1605.986829,19293.633044,19293.633044,1408,1702.1873758,215,259.86326466,659783.4,659783.4,,446470.999999999,6207206
2017-21 gennemsnit,31,999,,,,31,999,,,,Tønder kommune,550,,938DF8BC-2CF9-4D65-A3E8-1B7B899153FE,938DF8BC-2CF9-4D65-A3E8-1B7B899153FE,FAMILIEPLEJEN I SØNDERJYLLAND,Renseanlæg,-,-,,MB,136.196,136.196,418.6,418.6,93.656,93.656,16.9048,16.9048,2534.56,2534.56,,497722,6093401
2017-21 gennemsnit,4000,999,,,,4000,999,,,,Ringkøbing-Skjern kommune,760,,93ADFE1E-803D-4F6B-B2C4-AA2963DB6DE0,93ADFE1E-803D-4F6B-B2C4-AA2963DB6DE0,Grønbjerg,Renseanlæg,-,-,,MBNK,396.49004626,396.49004626,3331.1544898,3331.1544898,411,491.21267816,49,67.285164276,189179.8,189179.8,,470896,6226605
2017-21 gennemsnit,6150,999,,,,3800,999,,,,Middelfart kommune,410,,93B86BE0-9422-499F-ADE5-48B221E7A97B,93B86BE0-9422-499F-ADE5-48B221E7A97B,Gelsted Renseanlæg,Renseanlæg,-,-,,MBNDKL,838.20677172,838.20677172,7027.1123802,7027.1123802,1840.3465286,1840.3465286,125.035753672,125.035753672,372187.1999998,372187.1999998,,560824.000000002,6139479.99999999
2017-21 gennemsnit,225,999,,,,225,999,,,,SAMSØ KOMMUNE,741,,9406BE13-4C39-41A9-AFFC-373CDCAA0874,9406BE13-4C39-41A9-AFFC-373CDCAA0874,Pillemark,Renseanlæg,-,-,,Rodzoneanlæg,17.590424744,17.590424744,259.12738458,259.12738458,94.39251358,94.39251358,10.5621421788,10.5621421788,7525.1999998,7525.1999998,,597808.000000026,6186567.99999985
2017-21 gennemsnit,900,999,,,,850,999,,,,Viborg kommune,791,,94E8FC88-6E70-4D28-A7FD-CDAA79B9DE17,94E8FC88-6E70-4D28-A7FD-CDAA79B9DE17,Vammen,Renseanlæg,-,-,,MBNDK,0,240.19787308,0,2100.4877882,0,594.82524938,0,44.115904658,0,93084.8,,535289,6266344
2017-21 gennemsnit,42000,999,,,,42000,999,,,,Vejle Kommune,630,,95078305-F40F-4020-BA96-7E3579863AF3,95078305-F40F-4020-BA96-7E3579863AF3,GIVE CENTRALRENS.,Renseanlæg,-,-,,MBNDK,5228.403119,5228.403119,43304.1838596,43304.1838596,2802,2500.7034112,317,293.48226254,1778761.3999998,1778761.3999998,,513457.600000001,6189178.4
2017-21 gennemsnit,63000,999,,DKCOAST131,SWB,35000,999,,VP3II,Indsats. Renseanlæg.,Ikast-Brande kommune,756,,951327FC-1AF4-4244-89FB-357270F013BD,951327FC-1AF4-4244-89FB-357270F013BD,Ikast,Renseanlæg,Indsats. Renseanlæg.,-,"P: 0,1 mg/l.",MBNDK,13151.50359,13151.50359,100577.44518,100577.44518,10981.730986,10981.730986,1650.4414364,1650.4414364,3829325.8834,3829325.8834,,508702,6223124
2017-21 gennemsnit,80,999,,,,80,999,,,,Lolland kommune,360,,95D57F42-E6C9-4D1B-81F3-DB0958170369,95D57F42-E6C9-4D1B-81F3-DB0958170369,ØSTER SKØRRINGE,Renseanlæg,-,-,,Mekanisk rens.,992.48,992.48,2016,2016,238.72,238.72,41.056,41.056,5142.8,5142.8,,654578.000000241,6069009.99999798
2017-21 gennemsnit,50,999,,,,50,999,,,,Sorø kommune,340,,96CE4B69-8E3C-4DF6-BB49-2DD605C8D2C4,96CE4B69-8E3C-4DF6-BB49-2DD605C8D2C4,BROMME PLEJEHJEM,Renseanlæg,-,-,,Mekanisk rens.,768.7,768.7,1575,1575,183.6,183.6,31.08,31.08,4088,4088,,659089.000000251,6152163.99999734
2017-21 gennemsnit,2300,999,,,,2300,999,,,,Stevns kommune,336,,96F4F5AD-E777-43ED-8BC0-14D498E55196,96F4F5AD-E777-43ED-8BC0-14D498E55196,KLIPPINGE,Renseanlæg,-,-,,MBNDK,370.50647508,370.50647508,3588.0324298,3588.0324298,295.05232058,295.05232058,35.464936874,35.464936874,105190.8,105190.8,,710888.000000203,6139403.99998581
2017-21 gennemsnit,2000,999,,,,2000,999,,,,Odsherred kommune,306,,96F7A6EE-29C7-47C8-B33E-328F65E91B7E,96F7A6EE-29C7-47C8-B33E-328F65E91B7E,RØRVIG,Renseanlæg,-,-,,MBNDK,843.1612896,843.1612896,11823.7485018,11823.7485018,956.847281,956.847281,64.7384553,64.7384553,264210.38462,264210.38462,,672518.000000296,6202218.9999954
2017-21 gennemsnit,55,999,,,,55,999,,,,Bornholms Regionskommune,400,,975B8C6A-0A46-45A3-AE87-1C382F28DCC1,975B8C6A-0A46-45A3-AE87-1C382F28DCC1,Kunstmuseum,Renseanlæg,-,-,,Mekanisk rens.,230.59,230.59,472.6,472.6,55.06,55.06,9.368,9.368,1226.4,1226.4,,874834.999755945,6135711.99954485
2017-21 gennemsnit,25000,999,,DKCOAST231,SWB,35000,999,,VP3II,Indsats. Renseanlæg.,Middelfart kommune,410,,977F0BD4-DDCA-4E40-9321-51B09ED7A79D,977F0BD4-DDCA-4E40-9321-51B09ED7A79D,Middelfart Centralrenseanlæg,Renseanlæg,Indsats. Renseanlæg.,-,"N: 3,5 mg/l.",MBNDK,10399.3002418,10399.3002418,68913.8098552,68913.8098552,13964.4602316,13964.4602316,2518.2526092,2518.2526092,3182164.7999998,3182164.7999998,,548170.000000001,6153800
2017-21 gennemsnit,55,999,,,,55,999,,,,Tønder kommune,550,,97B55ACC-28E7-47C9-9714-FE2E721BF6C3,97B55ACC-28E7-47C9-9714-FE2E721BF6C3,VESTERANFLOD LEJRSKOLE,Renseanlæg,-,-,,Mekanisk rens.,845.43,845.43,1732.6,1732.6,202.02,202.02,34.216,34.216,4496.8,4496.8,,484938,6084434
2017-21 gennemsnit,150,999,,,,150,999,,,,Køge kommune,259,,97FBE10D-6307-4889-AD3B-A7D54405735A,97FBE10D-6307-4889-AD3B-A7D54405735A,Ringsbjerg,Renseanlæg,-,-,,BS  Biologisk sandfilter,2.3876688548,2.3876688548,63.757756484,63.757756484,256.23257246,256.23257246,32.012709178,32.012709178,3766.7999998,3766.7999998,,696410.000000365,6143504.99999069
2017-21 gennemsnit,13000,999,,,,13000,999,,,,Frederikssund kommune,250,,9854CDAC-D3F3-4317-A1BA-CC639D9E6DF6,9854CDAC-D3F3-4317-A1BA-CC639D9E6DF6,Tørslev,Renseanlæg,-,-,,MBNDK,1539.4768438,1539.4768438,13572.7335764,13572.7335764,4652,1529.3487664,270,139.3070077,566149.3999998,566149.3999998,,689628.000000318,6190022.99999201
2017-21 gennemsnit,45000,999,,,,45000,999,,,,Hedensted Kommune,766,,9884DE71-5248-4462-AEBE-E4732FD4C0EB,9884DE71-5248-4462-AEBE-E4732FD4C0EB,Hedensted Renseanlæg,Renseanlæg,-,-,,MBNDK,12039.098921,12039.098921,81204.6251524,81204.6251524,8960.564195,8960.564195,1449.4015402,1449.4015402,3162880.9999998,3162880.9999998,,546201.67589659,6176462.54153464
2017-21 gennemsnit,23500,999,,DKCOAST121,SWB,23500,999,,VP3II,Indsats. Renseanlæg.,Varde kommune,573,,98886481-E1BB-4CF9-90BA-B3895B5F8FC1,98886481-E1BB-4CF9-90BA-B3895B5F8FC1,Skovlund Renseanlæg,Renseanlæg,Indsats. Renseanlæg.,-,"N: 3,5 mg/l. P: 0,1 mg/l.",MBNDK,2739.191098,2739.191098,29194.311196,29194.311196,5908.9660744,5908.9660744,730.8726096,730.8726096,1342656.2,1342656.2,,482710,6175278
2017-21 gennemsnit,1400,999,,,,1180,999,,,,LÆSØ KOMMUNE,825,,99B2F0AB-499F-4277-8246-D7B49E76972F,99B2F0AB-499F-4277-8246-D7B49E76972F,Østerbyhavn,Renseanlæg,-,-,,Mekanisk rens.,11537.91953,11537.91953,24784.467282,24784.467282,2997.5750844,2997.5750844,318.44380616,318.44380616,104810,104810,,628230.000000089,6355304.99999906
2017-21 gennemsnit,120,999,,,,50,999,,,,Rebild Kommune,840,,9A070E12-424B-4DB4-9C24-7C8F5DE560F6,9A070E12-424B-4DB4-9C24-7C8F5DE560F6,St. Binderup,Renseanlæg,-,-,,Rodzoneanlæg,0,179.6,0,540,0,133.2,0,22.92,0,4088,,534815,6291383
2017-21 gennemsnit,4000,999,,,,4500,999,,,,Holbæk kommune,316,,9A3C6AAF-DF3D-4569-8ACE-60164F2F517F,9A3C6AAF-DF3D-4569-8ACE-60164F2F517F,SVINNINGE,Renseanlæg,-,-,,MBNDK,1570.2633404,1570.2633404,13876.628504,13876.628504,1662.8597214,1662.8597214,230.2464528,230.2464528,560677.2,560677.2,,654143.000000218,6178546.99999773
2017-21 gennemsnit,110,999,,,,0,999,,,,Egedal Kommune,240,,9A422170-D660-4D2F-8806-B0E3C59AB04A,9A422170-D660-4D2F-8806-B0E3C59AB04A,Nordisk Triclair,Renseanlæg,-,-,,MB,483.16,483.16,1485,1485,332.68,332.68,59.648,59.648,8993.6,8993.6,,703938.000000198,6184462.99998773
2017-21 gennemsnit,3000,999,,,,3000,999,,,,Kolding kommune,621,,9A42D458-92BC-4DAC-A15B-D11867F8F4F2,9A42D458-92BC-4DAC-A15B-D11867F8F4F2,TRAPPENDAL,Renseanlæg,-,-,,MBNK,571.96349474,571.96349474,4454.1078654,4454.1078654,961.29814972,961.29814972,111.00043025,111.00043025,257322.03334,257322.03334,,539513,6136774
2017-21 gennemsnit,70,999,,,,70,999,,,,Vejle Kommune,630,,9A83F8D1-1526-4982-975B-0811FECDE10F,9A83F8D1-1526-4982-975B-0811FECDE10F,FUGLEKÆRGÅRD,Renseanlæg,-,-,,MBNK,153.66,153.66,630,630,211.76,211.76,5.408,5.408,5723.2,5723.2,,541010,6170300
2017-21 gennemsnit,8000,999,,,,7260,999,,,,Lolland kommune,360,,9AF5B5CD-6AA0-4AB3-A809-8A3403CF0C41,9AF5B5CD-6AA0-4AB3-A809-8A3403CF0C41,DANNEMARE,Renseanlæg,-,-,,MBNDK,591.41220694,591.41220694,7104.2021852,7104.2021852,1157.462977,1157.462977,245.18881406,245.18881406,158948.8,158948.8,,641062.800000164,6068669.19999881
2017-21 gennemsnit,6000,999,,,,4596,999,,,,Guldborgsund Kommune,376,,9B1B00FC-23D0-43B7-9614-7507886FDDEF,9B1B00FC-23D0-43B7-9614-7507886FDDEF,STUBBEKØBING,Renseanlæg,-,-,,MBNDK,942.2832594,942.2832594,12165.3277886,12165.3277886,1398.0128416,1398.0128416,288.4949273,288.4949273,405558.05,405558.05,,695683.000000458,6087352.9999915
2017-21 gennemsnit,22000,999,,,,22000,999,,,,Middelfart kommune,410,,9B56D9D9-5E72-4E70-888D-F6AA232D0B5C,9B56D9D9-5E72-4E70-888D-F6AA232D0B5C,Nr. Åby Renseanlæg,Renseanlæg,-,-,,MBNDKF,1813.0393312,1813.0393312,14521.989274,14521.989274,2101.3194332,2101.3194332,95.228720256,95.228720256,936752.5999998,936752.5999998,,553967.000000001,6146067
2017-21 gennemsnit,7000,999,,,,7000,999,,,,Guldborgsund Kommune,376,,9C56BDA5-7CFB-4DB0-A686-373603684BD2,9C56BDA5-7CFB-4DB0-A686-373603684BD2,"TÅRUP, NØRRE ALSLEV",Renseanlæg,-,-,,MBNDK,2484.0232474,2484.0232474,19168.436018,19168.436018,2660.9767122,2660.9767122,523.85649608,523.85649608,727157.28334,727157.28334,,688609.000000446,6086673.99999319
2017-21 gennemsnit,7700,999,,,,5513,999,,,,Faxe kommune,320,,9CB6EB16-2EA6-4B0B-B5CF-75A7BDA41568,9CB6EB16-2EA6-4B0B-B5CF-75A7BDA41568,KONGSTED,Renseanlæg,-,-,,MBNDK,1160.292787,1160.292787,10458.47286,10458.47286,1014.9897512,1014.9897512,52.874173754,52.874173754,436440,436440,,694129.0000004,6127093.99999149
2017-21 gennemsnit,100,999,,,,100,999,,,,Holstebro kommune,661,,9CCE7C37-C717-4413-915D-851E4A549CEE,9CCE7C37-C717-4413-915D-851E4A549CEE,SKÆRUM MØLLE,Renseanlæg,-,-,,Rodzoneanlæg,13.148,13.148,40.6,40.6,9.008,9.008,1.7224,1.7224,245.28,245.28,,459898,6243548
2017-21 gennemsnit,7100,999,,,,6050,999,,,,Viborg kommune,791,,9D1BFBE5-06F9-46EB-8B13-9D51E13A0C76,9D1BFBE5-06F9-46EB-8B13-9D51E13A0C76,Bjerregrav,Renseanlæg,-,-,,MBNDK,0,1050.75472854,0,9019.934634,0,2785.7498462,0,374.06582504,0,390235,,530998,6269753
2017-21 gennemsnit,15000,999,,,,15000,999,,,,Aabenraa kommune,580,,9D3FFD45-252F-4DD2-975B-20DAC1A186D6,9D3FFD45-252F-4DD2-975B-20DAC1A186D6,Gårdeby Renseanlæg,Renseanlæg,-,-,,MBNK,5012.2962926,5012.2962926,34364.526616,34364.526616,3152.7625712,3152.7625712,502.23873474,502.23873474,926447,926447,,515957,6084080
2017-21 gennemsnit,1200,999,,,,850,999,,,,Viborg kommune,791,,9D4D4DB0-E383-4B3A-8BA6-78D86B85C864,9D4D4DB0-E383-4B3A-8BA6-78D86B85C864,Løvel,Renseanlæg,-,-,,MBNDK,0,176.97227636,0,1462.0904652,0,414.60814804,0,22.132980428,0,59052.4,,527091,6266277
2017-21 gennemsnit,1900,999,,,,999,999,,,,Slagelse kommune,330,,9D5FBA9F-4F9E-4E52-B2AB-1B520B5C4D4A,9D5FBA9F-4F9E-4E52-B2AB-1B520B5C4D4A,OMØ,Renseanlæg,-,-,,MBN,33.135413886,33.135413886,475.80600752,475.80600752,455.40967922,455.40967922,54.32238449,54.32238449,7782.9999998,7782.9999998,,636544.000000136,6112893.99999898
2017-21 gennemsnit,70,999,,,,70,999,,,,Slagelse kommune,330,,9ED10CA2-46B6-49BA-AC74-E26268A6AF8E,9ED10CA2-46B6-49BA-AC74-E26268A6AF8E,BILDSØ,Renseanlæg,-,-,,Mekanisk rens.,9.67925,9.67925,23.809,23.809,3.3285,3.3285,0.391225,0.391225,81.76,81.76,,641726.000000158,6148844.99999867
2017-21 gennemsnit,220,999,,,,213,999,,,,Syddjurs kommune,706,,9EDAA3C8-F3E0-4375-BAD3-053352BC6941,9EDAA3C8-F3E0-4375-BAD3-053352BC6941,Grønfeld,Renseanlæg,-,-,,Rodzoneanlæg,603.608,603.608,2105.84,2105.84,591.288,591.288,106.4504,106.4504,20661.66,20661.66,,595817.000000024,6235771.99999986
2017-21 gennemsnit,200,999,,,,200,999,,,,Bornholms Regionskommune,400,,9F0C6929-E396-42AF-AEC5-7559D5F6F2C7,9F0C6929-E396-42AF-AEC5-7559D5F6F2C7,Dansk Folkeferie,Renseanlæg,-,-,,MB,329.5,329.5,1012.7,1012.7,226.8,226.8,40.82,40.82,6132,6132,,865359.999807418,6140534.99960835
2017-21 gennemsnit,9900,999,,,,15000,999,,,,Rudersdal kommune,230,,9F30AB3A-823D-4B49-842F-80895EA8D310,9F30AB3A-823D-4B49-842F-80895EA8D310,Bistrup,Renseanlæg,-,-,,MBNDK,1936.2956362,1936.2956362,19410.691698,19410.691698,3546.9204818,3546.9204818,468.93752856,468.93752856,857906.8,857906.8,,724784.999999401,6190699.99997782
2017-21 gennemsnit,14000,999,,,,10677,999,,,,Jammerbugt kommune,849,,A00774FF-5FFC-4C1B-89ED-1C5DD790AFCA,A00774FF-5FFC-4C1B-89ED-1C5DD790AFCA,Fjerritslev,Renseanlæg,-,-,,MBNDK,2872.230597,2872.230597,23500.939884,23500.939884,5109.790269,5109.790269,317.54479676,317.54479676,1026133.4,1026133.4,,518281,6317917
2017-21 gennemsnit,4000,999,,,,4000,999,,,,Ringkøbing-Skjern kommune,760,,A0185944-7F89-41D1-A443-AB06101C826F,A0185944-7F89-41D1-A443-AB06101C826F,Spjald,Renseanlæg,-,-,,MBNK,1091.5566472,1091.5566472,8825.6315466,8825.6315466,1010,1203.341291,275,273.07113996,487363.8,487363.8,,469311,6221358
2017-21 gennemsnit,3000,999,,,,3000,999,,,,Slagelse kommune,330,,A02F25FB-4DC2-4D07-B10C-731E23F15134,A02F25FB-4DC2-4D07-B10C-731E23F15134,SØRBYMAGLE,Renseanlæg,-,-,,MBNL,1077.0068764,1077.0068764,7950.4200504,7950.4200504,921.46683834,921.46683834,136.54595192,136.54595192,232437.8,232437.8,,653539.000000222,6138358.99999789
2017-21 gennemsnit,2200,999,,,,2200,999,,,,Tønder kommune,550,,A05BE861-743E-4367-9100-953F2B0CA9ED,A05BE861-743E-4367-9100-953F2B0CA9ED,ARRILD,Renseanlæg,-,-,,MBNK,378.26942784,378.26942784,2926.5912516,2926.5912516,1154.5144664,1154.5144664,56.84651066,56.84651066,116954.4,116954.4,,497866,6111403
2017-21 gennemsnit,105000,999,,,,105000,999,,,,Vesthimmerlands kommune,820,,A124A49F-C3A1-4F53-91D8-EF7E897E2360,A124A49F-C3A1-4F53-91D8-EF7E897E2360,Aars Renseanlæg,Renseanlæg,-,-,,MBNDKL,0,3889.6551042,0,36070.079818,0,5012.1027672,0,516.9279397,0,1316840.28,,533345,6296576
2017-21 gennemsnit,670,999,,,,670,999,,,,Kalundborg kommune,326,,A2D37D99-B947-4977-828C-9799FAD42E55,A2D37D99-B947-4977-828C-9799FAD42E55,URHØJGÅRD CAMPING,Renseanlæg,-,-,,Mekanisk rens.,10299.22,10299.22,21105,21105,2460.28,2460.28,415.944,415.944,54779.2,54779.2,,635400.000000128,6161199.99999898
2017-21 gennemsnit,80000,999,,,,80000,999,,,,Viborg kommune,791,,A371D431-95E9-4657-972F-10C33B37D5B4,A371D431-95E9-4657-972F-10C33B37D5B4,Bjerringbro,Renseanlæg,-,-,,MBNDK,7636.9009308,7636.9009308,65829.084176,65829.084176,5474.1028934,5474.1028934,643.66266212,643.66266212,2634776.8,2634776.8,,542168,6248053
2017-21 gennemsnit,750,999,,,,0,999,,,,Haderslev kommune,510,,A42A5C2E-88FE-48BA-A8AB-B2EFE2AB035B,A42A5C2E-88FE-48BA-A8AB-B2EFE2AB035B,BEVTOFT,Renseanlæg,-,-,,MBN,0,867.0738904,0,6251.9630158,0,1011.1391769,0,134.35496012,0,96330.4,,512265.999999865,6117384.00012652
2017-21 gennemsnit,30,999,,,,0,999,,,,Aalborg kommune,851,,A48F1833-0B3E-47F0-ACEE-894A689AC778,A48F1833-0B3E-47F0-ACEE-894A689AC778,Kronborg Renseanlæg,Renseanlæg,-,-,,MBN,132,132,450,450,123.2,123.2,20.16,20.16,1576,1576,,553098.288467004,6324674.16489875
2017-21 gennemsnit,600,999,,,,460,999,,,,Herning kommune,657,,A49FC502-AE62-4524-9777-91C5E7F929E2,A49FC502-AE62-4524-9777-91C5E7F929E2,Skarrild Renseanlæg,Renseanlæg,-,-,,MBN,100.821165378,100.821165378,915.12561318,915.12561318,199.61400522,199.61400522,11.1326590604,11.1326590604,38475.4,38475.4,,493459,6203293
2017-21 gennemsnit,40,999,,,,40,999,,,,Stevns kommune,336,,A4D7031D-FD3A-4F89-99AA-D5A5CA09C4B9,A4D7031D-FD3A-4F89-99AA-D5A5CA09C4B9,Sibiriens Kloaklaug,Renseanlæg,-,-,,MBN,120.808,120.808,412.7671232,412.7671232,110.7264656,110.7264656,19.3952876,19.3952876,2906.3452054,2906.3452054,,709735.00000023,6138037.99998629
2017-21 gennemsnit,80000,999,,,,80000,999,,,,Viborg kommune,791,,A51919BD-8166-43CA-9523-CB5288EB1AC8,A51919BD-8166-43CA-9523-CB5288EB1AC8,Viborg Centralrenseanlæg,Renseanlæg,-,-,,MBNDK,17514.983342,17514.983342,141321.16666,141321.16666,33410.6,27459.574086,1308.6,1179.2246428,5502206,5502206,,528297,6253434
2017-21 gennemsnit,4250,999,,,,5300,999,,,,Svendborg kommune,479,,A5524587-E146-4056-A168-5C21137275F2,A5524587-E146-4056-A168-5C21137275F2,Hørup Renseanlæg,Renseanlæg,-,-,,MBNDKL,916.1611224,916.1611224,7892.7438388,7892.7438388,1304.4964756,1304.4964756,161.75200844,161.75200844,542587.4,542587.4,,595682.000000024,6109082.99999988
2017-21 gennemsnit,100,999,,,,100,999,,,,Favrskov kommune,710,,A5DA0A4D-F3FF-4204-BE25-B404A8585BF9,A5DA0A4D-F3FF-4204-BE25-B404A8585BF9,Borre,Renseanlæg,-,-,,Mekanisk rens.,1076.02,1076.02,2205,2205,257.08,257.08,43.384,43.384,5723.2,5723.2,,542689,6241143
2017-21 gennemsnit,25,999,,,,0,999,,,,Bornholms Regionskommune,400,,A5F55E64-5E9D-4EE5-A14A-342C7EE48CD5,A5F55E64-5E9D-4EE5-A14A-342C7EE48CD5,Restaurant Bolsterbjerg,Renseanlæg,-,-,,Mekanisk rens.,307.52,307.52,630,630,73.48,73.48,12.504,12.504,1635.2,1635.2,,875369.999758661,6125894.99954659
2017-21 gennemsnit,6000,999,,,,6000,999,,,,Viborg kommune,791,,A61F3932-F12A-4434-AA25-3D72B7433376,A61F3932-F12A-4434-AA25-3D72B7433376,Stoholm,Renseanlæg,-,-,,MBNDK,1329.1687974,1329.1687974,11349.24414,11349.24414,1507.3219616,1507.3219616,169.14600328,169.14600328,476089.6,476089.6,,509788,6260365
2017-21 gennemsnit,16000,999,,,,16000,999,,,,Varde kommune,573,,A6625171-73AD-444F-BFBC-C0BD72BC7BD3,A6625171-73AD-444F-BFBC-C0BD72BC7BD3,Outrup Renseanlæg,Renseanlæg,-,-,,MBNDK,336.50059828,336.50059828,5466.0719878,5466.0719878,323.43013802,323.43013802,42.219560068,42.219560068,289200.4,289200.4,,456551,6175488
2017-21 gennemsnit,50,999,,,,50,999,,,,Vordingborg kommune,390,,A6A5156B-1408-4015-ACE3-B7956F55BB41,A6A5156B-1408-4015-ACE3-B7956F55BB41,Feriekolonien Østersøen,Renseanlæg,-,-,,Mekanisk rens.,614.84,614.84,1260,1260,146.96,146.96,24.808,24.808,3270.4,3270.4,,711098.000000344,6093513.99998651
2017-21 gennemsnit,16000,999,,,,16000,999,,,,Horsens kommune,615,,A6F1F78C-7628-49D6-9C35-1EA0EA33810A,A6F1F78C-7628-49D6-9C35-1EA0EA33810A,Brædstrup,Renseanlæg,-,-,,MBNDK,3064.1824564,3064.1824564,24606.673922,24606.673922,3815.8885838,3815.8885838,193.00062198,193.00062198,1379830,1379830,,540805,6199231
2017-21 gennemsnit,1185,999,,,,1185,999,,,,Randers Kommune,730,,A7BBCEF2-2BD8-49AF-86EA-587AE1042815,A7BBCEF2-2BD8-49AF-86EA-587AE1042815,Mellerup,Renseanlæg,-,-,,MBNK,0,628.13864212,0,3795.9085044,0,923.44128324,0,44.258078882,0,121037.8,,574545.000000007,6263404.99999997
2017-21 gennemsnit,1000,999,,,,1000,999,,,,Hedensted Kommune,766,,A7EF1AAC-6DBB-4AE2-AE6D-E99ED6672D97,A7EF1AAC-6DBB-4AE2-AE6D-E99ED6672D97,Korning Renseanlæg,Renseanlæg,-,-,,MBNK,0,146.80812246,0,1066.7586278,0,889.4201747,0,27.52822965,0,54503.5999998,,546206.474793662,6189299.98336021
2017-21 gennemsnit,20000,999,,,,20000,999,,,,Nordfyns Kommune,480,,A8257558-2CD8-4A1D-9AF0-9E056C9525A6,A8257558-2CD8-4A1D-9AF0-9E056C9525A6,Søndersø By Renseanlæg,Renseanlæg,-,-,,MBNDKL,0,2567.0618784,0,21220.429124,0,2735.9711024,0,242.55327662,0,1055249.4,,579834.543989398,6148444.39620778
2017-21 gennemsnit,50,999,,,,50,999,,,,Køge kommune,259,,A84E37F4-1038-4749-BC24-073667F03D5A,A84E37F4-1038-4749-BC24-073667F03D5A,Drueholm,Renseanlæg,-,-,,MBN,164.65,164.65,562.6,562.6,151.2,151.2,27.12,27.12,4088,4088,,691897.000000376,6145901.99999188
2017-21 gennemsnit,4500,999,,DKLAKE871,SWB,5267,999,,VP3II,Indsats. Renseanlæg.,Lolland kommune,360,,A8748316-2034-4506-B0D9-493906F1E349,A8748316-2034-4506-B0D9-493906F1E349,SØLLESTED,Renseanlæg,-,Indsats. Renseanlæg.,"P: 0,22 mg/l.",MBNK,826.6747964,826.6747964,6604.2344008,6604.2344008,1548.3770164,1548.3770164,348.01471422,348.01471422,300551.6,300551.6,,645649.999998581,6075935.00012643
2017-21 gennemsnit,12000,999,,,,12000,999,,,,Frederikssund kommune,250,,A8B24078-A955-4D48-B632-DF140266A019,A8B24078-A955-4D48-B632-DF140266A019,Slangerup,Renseanlæg,-,-,,MBNDK,1454.2982492,1454.2982492,18096.3419234,18096.3419234,1776.3855372,1776.3855372,182.24914434,182.24914434,727343.1999998,727343.1999998,,697758.000000259,6193432.99998968
2017-21 gennemsnit,15000,999,,,,15000,999,,,,Sønderborg kommune,540,,A93380A4-DDE5-443A-83C7-9B77198D7A84,A93380A4-DDE5-443A-83C7-9B77198D7A84,HIMMARK,Renseanlæg,-,-,,MBNDK,0,4078.9679164,0,36357.93463,0,5444.587045,0,407.16140304,0,1437818.6,,552573.000000001,6099390
2017-21 gennemsnit,40,999,,,,40,999,,,,Ringkøbing-Skjern kommune,760,,A933B14F-3AA8-425F-A6E5-C1820B50E733,A933B14F-3AA8-425F-A6E5-C1820B50E733,ØSTER NØRBY,Renseanlæg,-,-,,Mekanisk rens.,614.84,614.84,1260,1260,146.96,146.96,24.808,24.808,3270.4,3270.4,,449369.999999999,6218140
2017-21 gennemsnit,600,999,,,,600,999,,,,Tønder kommune,550,,A9388689-5773-48EA-A26F-8F49BF3ADBED,A9388689-5773-48EA-A26F-8F49BF3ADBED,HUSUM - BALLUM,Renseanlæg,-,-,,MBN,214.8148892,214.8148892,2111.6284222,2111.6284222,647.67380504,647.67380504,59.535286618,59.535286618,56321.4,56321.4,,479147,6102607
2017-21 gennemsnit,4000,999,,,,4000,999,,,,Lejre kommune,350,,A99F037A-CDA5-4623-AE9F-759A5C24C2AC,A99F037A-CDA5-4623-AE9F-759A5C24C2AC,Gevninge,Renseanlæg,-,-,,MBND,730.5670978,730.5670978,6028.2456258,6028.2456258,594.27446022,594.27446022,61.094686636,61.094686636,195479.4,195479.4,,686100.000000348,6171778.99999302
2017-21 gennemsnit,13000,999,,,,13000,999,,,,Stevns kommune,336,,AB0B4DF4-E79B-4DCF-97EB-43D656D4A573,AB0B4DF4-E79B-4DCF-97EB-43D656D4A573,Strøby Ladeplads,Renseanlæg,-,-,,MBNDK,4654.4908136,4654.4908136,35956.634336,35956.634336,3087.8624716,3087.8624716,525.27335882,525.27335882,1279324.8,1279324.8,,707497.000000247,6145867.99998702
2017-21 gennemsnit,60,999,,,,0,999,,,,Frederikssund kommune,250,,AB1FD53A-40E4-4347-BCAA-D939ACD0ADCA,AB1FD53A-40E4-4347-BCAA-D939ACD0ADCA,Vendslev Huse,Renseanlæg,-,-,,Mekanisk rens.,922.36,922.36,1890,1890,220.24,220.24,37.352,37.352,4905.6,4905.6,,680093.000000329,6185117.99999417
2017-21 gennemsnit,24000,999,,,,24982,999,,,,Favrskov kommune,710,,AB73751C-FD24-47F8-B264-339E3C1DE3DC,AB73751C-FD24-47F8-B264-339E3C1DE3DC,Hinnerup,Renseanlæg,-,-,,MBNDK,0,4617.5100804,0,33467.981548,0,5594.9613122,0,247.23569352,0,1059249.4,,566827.000000004,6237161.99999998
2017-21 gennemsnit,10000,999,,,,8503,999,,,,Hjørring kommune,860,,ABA64381-CECF-47EE-A51C-074487378F76,ABA64381-CECF-47EE-A51C-074487378F76,Sindal,Renseanlæg,-,-,,MBNDK,0,2811.2317978,0,22830.847818,0,1933.4041184,0,233.6088812,0,836376.2,,572448.000000006,6370205.99999997
2017-21 gennemsnit,35,999,,,,35,999,,,,Vordingborg kommune,390,,AC1921D5-E941-4303-869E-6AAC998BF9F2,AC1921D5-E941-4303-869E-6AAC998BF9F2,TERNEVEJ MASNEDØ SOMMERHUSE VEST,Renseanlæg,-,-,,Mekanisk rens.,384.25,384.25,787.6,787.6,91.9,91.9,15.44,15.44,2044,2044,,684628.000000421,6096763.99999394
2017-21 gennemsnit,100,999,,,,100,999,,,,Ringkøbing-Skjern kommune,760,,AC9ADBF3-D947-4378-B342-27FF98C90514,AC9ADBF3-D947-4378-B342-27FF98C90514,Sneppedalen,Renseanlæg,-,-,,BS  Biologisk sandfilter,439.2,439.2,1350,1350,302.4,302.4,54.24,54.24,8176,8176,,446009.999999999,6223190
2017-21 gennemsnit,200,999,,,,300,999,,,,Vordingborg kommune,390,,ACA7B841-23B7-4314-B29F-C1222547D68C,ACA7B841-23B7-4314-B29F-C1222547D68C,MØNSBROEN CAMPING,Renseanlæg,-,-,,MB,878.4,878.4,2700,2700,604.8,604.8,108.68,108.68,16352,16352,,702998.000000417,6097973.99998927
2017-21 gennemsnit,140,999,,,,90,999,,,,Favrskov kommune,710,,ACAB76BE-CF09-4A9F-8244-64EAD0349BE3,ACAB76BE-CF09-4A9F-8244-64EAD0349BE3,Leca Hinge sanitært spildevand og industrielt overfladevand,Renseanlæg,-,-,,LT  Lavteknologisk anlæg,1122.44,1122.44,2268,2268,309.06,309.06,49.488,49.488,12586.4,12586.4,,564262.000000003,6248160.99999999
2017-21 gennemsnit,85,999,,,,85,999,,,,Lolland kommune,360,,AD65B771-B46F-4242-9F05-149EC1E3575B,AD65B771-B46F-4242-9F05-149EC1E3575B,NYBØLLE,Renseanlæg,-,-,,Mekanisk rens.,0,458.29176,0,978.2522,0,122.3886,0,18.305806,0,2384.2799998,,642678.000000168,6089603.99999872
2017-21 gennemsnit,4000,999,,,,4000,999,,,,Guldborgsund Kommune,376,,AD784C5C-736D-4C1B-934D-C2812D4C8CA2,AD784C5C-736D-4C1B-934D-C2812D4C8CA2,GEDESBY,Renseanlæg,-,-,,MBNDK,0,255.9334107,0,4877.5536308,0,488.69353422,0,68.61328114,0,100743.64616,,690978.00000049,6054043.99999295
2017-21 gennemsnit,1900,999,,,,1700,999,,,,Bornholms Regionskommune,400,,ADE8D172-8E66-43AD-B953-119B4E06CE59,ADE8D172-8E66-43AD-B953-119B4E06CE59,Melsted Renseanlæg,Renseanlæg,-,-,,MBK,366.25647858,366.25647858,4195.573768,4195.573768,981.6714378,981.6714378,42.82892234,42.82892234,153327.4,153327.4,,880457.999719179,6134166.99950242
2017-21 gennemsnit,0,999,,,,0,999,,,,Guldborgsund Kommune,376,,AE0F41DE-70A3-4226-A912-A6D80ED7A58F,AE0F41DE-70A3-4226-A912-A6D80ED7A58F,POMLENAKKE TRAKTØRSTED,Renseanlæg,-,-,,0,109.9,109.9,337.7,337.7,75.6,75.6,13.74,13.74,2044,2044,,700940.000000466,6078309.99999015
2017-21 gennemsnit,15,999,,,,15,999,,,,Guldborgsund Kommune,376,,AE3578C3-B5A8-416A-A30D-A1392DF0CC66,AE3578C3-B5A8-416A-A30D-A1392DF0CC66,NYSTEDVEJ,Renseanlæg,-,-,,Mekanisk rens.,0,153.66,0,315,0,36.64,0,6.272,0,817.6,,680708.000000422,6069313.99999484
2017-21 gennemsnit,10000,999,,,,8500,999,,,,Holstebro kommune,661,,AE3F10C0-D09A-4C48-B7BA-5BD864B081C6,AE3F10C0-D09A-4C48-B7BA-5BD864B081C6,Ulfborg,Renseanlæg,-,-,,MBNDK,1578.6804846,1578.6804846,12663.78002,12663.78002,1636.9449548,1636.9449548,203.72664528,203.72664528,562274,562274,,457397,6237467
2017-21 gennemsnit,84000,999,,,,106928,999,,,,Aarhus Kommune,751,,AF36059B-FDF0-4B79-B50F-129612AF15CF,AF36059B-FDF0-4B79-B50F-129612AF15CF,Åby,Renseanlæg,-,-,,MBNDKF,0,9935.1173366,0,123825.21146,0,22833.340552,0,1586.5244088,0,5732714.6,,573137.893814355,6223465.25036788
2017-21 gennemsnit,30,999,,,,30,999,,,,Norddjurs kommune,707,,AF4D14C9-5268-4FA6-B228-B03178A9C30A,AF4D14C9-5268-4FA6-B228-B03178A9C30A,Væksthøjskolen Djursland,Renseanlæg,-,-,,Mekanisk rens.,461.18,461.18,945,945,110.12,110.12,18.576,18.576,2452.8,2452.8,,607793.000000042,6253067.99999971
2017-21 gennemsnit,40,999,,,,40,999,,,,Lolland kommune,360,,AFADFB08-8078-4930-9DE6-F2E05FCAAF51,AFADFB08-8078-4930-9DE6-F2E05FCAAF51,LUNGHOLM,Renseanlæg,-,-,,MBN,74.9894666,74.9894666,284.6133332,284.6133332,85.5953332,85.5953332,22.433,22.433,2861.6,2861.6,,658518.00000027,6060961.99999767
2017-21 gennemsnit,100,999,,,,100,999,,,,Næstved kommune,370,,B0314824-86DE-41DA-974B-40F03417E23A,B0314824-86DE-41DA-974B-40F03417E23A,DYSTED,Renseanlæg,-,-,,MBNF,5.6416,5.6416,84.75433326,84.75433326,175.45999986,175.45999986,35.7386666,35.7386666,5642,5642,,685838.000000399,6123882.99999348
2017-21 gennemsnit,30,999,,,,0,999,,,,Køge kommune,259,,B077E1F8-34AA-41BF-AFCB-6AE7211BC24A,B077E1F8-34AA-41BF-AFCB-6AE7211BC24A,Sommervej,Renseanlæg,-,-,,MBN,98.91,98.91,337.6,337.6,90.64,90.64,16.264,16.264,2452.8,2452.8,,690580.000000376,6147233.99999219
2017-21 gennemsnit,75,999,,,,75,999,,,,Slagelse kommune,330,,B1CADA9B-2BF6-4D6E-B6EC-60B03E379E1E,B1CADA9B-2BF6-4D6E-B6EC-60B03E379E1E,ØRSLEV,Renseanlæg,-,-,,MBN,28.09778245,28.09778245,239.06671203,239.06671203,66.276721402,66.276721402,29.100227366,29.100227366,2939.1999998,2939.1999998,,652817.000000221,6122616.99999798
2017-21 gennemsnit,1000,999,,,,250,999,,,,Odsherred kommune,306,,B1E35BC1-0084-4058-B9EA-E07D4CB01DDB,B1E35BC1-0084-4058-B9EA-E07D4CB01DDB,ODDEN FÆRGEHAVN,Renseanlæg,-,-,,Mekanisk rens.,1537.2,1537.2,3150,3150,367.2,367.2,62.16,62.16,8176,8176,,643300.000000159,6205099.99999848
2017-21 gennemsnit,20000,999,,,,20000,999,,,,Vesthimmerlands kommune,820,,B2198885-D68E-41CB-8234-9173112A16C4,B2198885-D68E-41CB-8234-9173112A16C4,Stistrup,Renseanlæg,-,-,,MBNDK,0,3114.5072782,0,28658.897332,0,4133.3955998,0,250.80263658,0,811834.63334,,514530,6289736
2017-21 gennemsnit,132,999,,,,10,999,,,,Lolland kommune,360,,B25CAFCF-585B-43BD-AB09-1A29E0425680,B25CAFCF-585B-43BD-AB09-1A29E0425680,ASKØ,Renseanlæg,-,-,,MBS,0,322.70044,0,997.854,0,222.8232,0,37.55484,0,5309.5199998,,647458.000000197,6070473.99999847
2017-21 gennemsnit,290000,999,,DKCOAST121,SWB,290000,999,,VP3II,Indsats. Renseanlæg.,Esbjerg kommune,561,,B267FE7C-073E-4172-8E34-B1D691F2B573,B267FE7C-073E-4172-8E34-B1D691F2B573,Esbjerg vest,Renseanlæg,Indsats. Renseanlæg.,-,"P: 0,1 mg/l.",MBNDK,22612.474446,22612.474446,262170.88408,262170.88408,36509.439134,36509.439134,3347.146357,3347.146357,9808104,9808104,,462620,6148193
2017-21 gennemsnit,25000,999,,,,25000,999,,,,Thisted Kommune,787,,B2820D6E-0335-4D1B-86A8-545801D30F89,B2820D6E-0335-4D1B-86A8-545801D30F89,Tåbel,Renseanlæg,-,-,,MBNDK,3393.6902306,3393.6902306,28578.284928,28578.284928,12600,5139.129667,790,309.31279952,1384841,1384841,,453028.999999999,6294752
2017-21 gennemsnit,0,999,,,,21560,999,,,,Favrskov kommune,710,,B2E433E0-BB11-4C1A-A4B4-D320DE5CCCA8,B2E433E0-BB11-4C1A-A4B4-D320DE5CCCA8,Hadsten,Renseanlæg,-,-,,MBNDK,0,2700.7138816,0,31951.662022,0,2419.1050542,0,238.79910352,0,1371395.8,,563885.000000003,6242122.99999999
2017-21 gennemsnit,110,999,,,,0,999,,,,Frederikssund kommune,250,,B2AAD99E-8D3E-4B0A-8679-845FD713A52F,B2AAD99E-8D3E-4B0A-8679-845FD713A52F,Svanholm,Renseanlæg,-,-,,MBN,362.27,362.27,1237.6,1237.6,332.68,332.68,59.648,59.648,8993.6,8993.6,,684318.000000332,6185917.9999933
2017-21 gennemsnit,175,999,,,,175,999,,,,Slagelse kommune,330,,B3730C41-440F-42A0-A6C1-0256BA4514A3,B3730C41-440F-42A0-A6C1-0256BA4514A3,TJÆREBY,Renseanlæg,-,-,,MBN,124.7379308,124.7379308,714.67189816,714.67189816,259.43244614,259.43244614,52.813338036,52.813338036,13724,13724,,650264.000000206,6124473.99999817
2017-21 gennemsnit,180,999,,,,180,999,,,,Holstebro kommune,661,,B3C907E9-689A-486F-900E-1BA810558A28,B3C907E9-689A-486F-900E-1BA810558A28,Tvind Renseanlæg,Renseanlæg,-,-,,MBNK,39.6,39.6,162,162,55.44,55.44,1.28,1.28,709.2,709.2,,455296.802475735,6235086.6356322
2017-21 gennemsnit,2167,999,,,,1730,999,,,,Rebild Kommune,840,,B44CD8D4-1125-4A49-8D9F-F96350B5892E,B44CD8D4-1125-4A49-8D9F-F96350B5892E,Haverslev,Renseanlæg,-,-,,MBNDK,0,486.31402734,0,4061.7316162,0,802.2023544,0,54.383624826,0,194845.2,,541061,6293912
2017-21 gennemsnit,20,999,,,,20,999,,,,SAMSØ KOMMUNE,741,,B4AF4344-33EF-46FD-A377-8B138F669807,B4AF4344-33EF-46FD-A377-8B138F669807,Ringebjerggård,Renseanlæg,-,-,,BS  Biologisk sandfilter,87.92,87.92,270,270,60.56,60.56,10.856,10.856,1635.2,1635.2,,596260.000000024,6191260.99999986
2017-21 gennemsnit,1800,999,,,,1700,999,,,,Hillerød kommune,219,,B4D44F33-2F1C-45F3-A823-DD90BE85B47E,B4D44F33-2F1C-45F3-A823-DD90BE85B47E,Hammersholt,Renseanlæg,-,-,,MBND,0,614.87352926,0,4923.1587808,0,1007.3036156,0,62.757710486,0,183768.3999998,,707490.321078044,6200128.58022211
2017-21 gennemsnit,8700,999,,,,8700,999,,,,Odsherred kommune,306,,B4E5A7E1-601B-4EF5-8C69-9D43120542B2,B4E5A7E1-601B-4EF5-8C69-9D43120542B2,NYKØBING,Renseanlæg,-,-,,MBNDK,2017.4064886,2017.4064886,22287.720356,22287.720356,2395.6993372,2395.6993372,147.47943604,147.47943604,636805.86154,636805.86154,,667258.000000277,6199703.99999619
2017-21 gennemsnit,25,999,,,,25,999,,,,Slagelse kommune,330,,B52F45B6-8681-4A22-B7D2-98A4CD5F8562,B52F45B6-8681-4A22-B7D2-98A4CD5F8562,SIBBERUP,Renseanlæg,-,-,,MBN,39.6,39.6,135,135,35.84,35.84,6.056,6.056,755.2,755.2,,646442.000000183,6136173.99999841
2017-21 gennemsnit,130,999,,,,135,999,,,,Vejen kommune,575,,B5FF603C-32B9-4F72-B4FC-0EEEC8420650,B5FF603C-32B9-4F72-B4FC-0EEEC8420650,Skibelund Efterskole,Renseanlæg,-,-,,Mekanisk rens.,1998.38,1998.38,4095,4095,477.32,477.32,80.736,80.736,10628.8,10628.8,,507262,6143391
2017-21 gennemsnit,7500,999,,,,7500,999,,,,Hedensted Kommune,766,,B65A6573-A030-4437-855F-DAFD99AB2593,B65A6573-A030-4437-855F-DAFD99AB2593,Åle Renseanlæg,Renseanlæg,-,-,,MBNK,2607.2552916,2607.2552916,17543.5199038,17543.5199038,3009.5014884,3009.5014884,221.6916836,221.6916836,912846.3999998,912846.3999998,,536020,6193480
2017-21 gennemsnit,30000,999,,DKCOAST93,SWB,30000,999,,VP3II,Indsats. Renseanlæg.,ODENSE KOMMUNE,461,,B65CA763-21CC-40B4-A1E6-6D2B291FFF4A,B65CA763-21CC-40B4-A1E6-6D2B291FFF4A,Nordøst Renseanlæg,Renseanlæg,Indsats. Renseanlæg.,-,"N: 3,5 mg/l.",MBNDKF,4016.8704156,4016.8704156,43860.428618,43860.428618,12510.44979,12510.44979,560.46865366,560.46865366,2140877,2140877,,590108.000000018,6143732.99999991
2017-21 gennemsnit,300,999,,,,255,999,,,,Lemvig kommune,665,,B66DF4D5-65DE-44B9-A570-0727641ABC8B,B66DF4D5-65DE-44B9-A570-0727641ABC8B,Fjaltring,Renseanlæg,-,-,,Rodzoneanlæg,21.0643988,21.0643988,318.245856,318.245856,121.2777332,121.2777332,11.98281288,11.98281288,10501.5333332,10501.5333332,,446460.999999999,6258550
2017-21 gennemsnit,10000,999,,,,9450,999,,,,Brønderslev kommune,810,,B6991616-7781-45E3-BD51-86E189C0134C,B6991616-7781-45E3-BD51-86E189C0134C,Aså,Renseanlæg,-,-,,MBNDK,2930.7275362,2930.7275362,27507.875066,27507.875066,4892.8682484,4892.8682484,188.83968056,188.83968056,762261,762261,,585839.678044429,6335421.77823274
2017-21 gennemsnit,30,999,,,,30,999,,,,Vordingborg kommune,390,,B6AC64B0-ADD5-483E-B955-13080351D7CA,B6AC64B0-ADD5-483E-B955-13080351D7CA,UDBY KRO,Renseanlæg,-,-,,Mekanisk rens.,461.18,461.18,945,945,110.12,110.12,18.576,18.576,2452.8,2452.8,,688688.000000423,6107783.99999299
2017-21 gennemsnit,5,999,,,,5,999,,,,Næstved kommune,370,,B6E30E3C-9930-4F97-B564-D43C8B1E793C,B6E30E3C-9930-4F97-B564-D43C8B1E793C,GAVNØ CAFETERIA,Renseanlæg,-,-,,Mekanisk rens.,76.93,76.93,157.6,157.6,18.42,18.42,3.136,3.136,408.8,408.8,,673238.000000347,6119072.99999574
2017-21 gennemsnit,0,999,,,,100,999,,,,Norddjurs kommune,707,,B75AFA1B-76D2-443F-86A7-6D9481BCFDAE,B75AFA1B-76D2-443F-86A7-6D9481BCFDAE,Sostrup Slot,Renseanlæg,-,-,,Mekanisk rens.,307.52,307.52,630,630,73.48,73.48,12.504,12.504,1635.2,1635.2,,612494.000000051,6263090.99999962
2017-21 gennemsnit,3500,999,,,,3000,999,,,,Svendborg kommune,479,,B82C8E3C-132A-4F01-B813-F2003A9094C9,B82C8E3C-132A-4F01-B813-F2003A9094C9,Gudme Renseanlæg,Renseanlæg,-,-,,MBNKF,409.03469906,409.03469906,3616.2910188,3616.2910188,3149.893081,3149.893081,54.036046982,54.036046982,236054.6,236054.6,,608199.000000044,6113657.99999975
2017-21 gennemsnit,50,999,,,,50,999,,,,Køge kommune,259,,B87A6947-2C5D-4C24-B268-3A834A9C2D6F,B87A6947-2C5D-4C24-B268-3A834A9C2D6F,Regnemarksværket,Renseanlæg,-,-,,MB,87.92,87.92,270,270,60.56,60.56,10.856,10.856,1635.2,1635.2,,690278.000000372,6150411.99999224
2017-21 gennemsnit,100,999,,,,100,999,,,,Guldborgsund Kommune,376,,B8C53BB5-7FCF-4B59-B14D-815C92D2C32E,B8C53BB5-7FCF-4B59-B14D-815C92D2C32E,HØJMØLLE KRO,Renseanlæg,-,-,,MB,65.94,65.94,202.6,202.6,45.32,45.32,8.252,8.252,1226.4,1226.4,,683108.000000425,6083093.99999432
2017-21 gennemsnit,100,999,,,,100,999,,,,Kalundborg kommune,326,,B9543F27-8B02-4555-A13D-FECC618DAE8C,B9543F27-8B02-4555-A13D-FECC618DAE8C,ISTEBJERG,Renseanlæg,-,-,,Mekanisk rens.,1537.2,1537.2,3150,3150,367.2,367.2,62.16,62.16,8176,8176,,635529.000000127,6175143.99999895
2017-21 gennemsnit,0,999,,,,0,999,,,,Aarhus Kommune,751,,B98813A1-680B-463D-8009-CC26ED36AAD8,B98813A1-680B-463D-8009-CC26ED36AAD8,Viby J - Døde Å - fiktiv,Renseanlæg,-,-,,MBNDK,0,1677.8,0,14806.8,0,5236.6,0,201.2,0,755513.2,,570989.446809829,6220746.26176568
2017-21 gennemsnit,35000,999,,,,35000,999,,,,Assens kommune,420,,B9D59CE0-E80D-4B1E-97C5-E5F89CF1AC43,B9D59CE0-E80D-4B1E-97C5-E5F89CF1AC43,Assens Renseanlæg,Renseanlæg,-,-,,MBNDK,4251.107854,4251.107854,34309.362796,34309.362796,14734,3062.9521824,1400,383.70147124,1121430.8,1121430.8,,555300.000000002,6125320
2017-21 gennemsnit,400,999,,,,400,999,,,,Lolland kommune,360,,B9DD6E76-979E-488E-82D2-8F7CC6600F0E,B9DD6E76-979E-488E-82D2-8F7CC6600F0E,ERRINDLEV NORD,Renseanlæg,-,-,,Bassinanlæg,754.496639,754.496639,4066.7385426,4066.7385426,823.09027774,823.09027774,153.24568091,153.24568091,87138.6,87138.6,,661309.000000289,6061172.99999741
2017-21 gennemsnit,14000,999,,,,11000,999,,,,Bornholms Regionskommune,400,,BA12CE4D-E3EF-43B7-B949-C558EA2E2FD6,BA12CE4D-E3EF-43B7-B949-C558EA2E2FD6,Tejn Renseanlæg,Renseanlæg,-,-,,MBNDKL,1078.4631096,1078.4631096,13182.486722,13182.486722,2460.6137534,2460.6137534,211.27528202,211.27528202,814983.4,814983.4,,869405.99978689,6138158.99958238
2017-21 gennemsnit,55,999,,,,55,999,,,,Faaborg-Midtfyn kommune,430,,BA585AC9-90BC-4A3E-A1E8-DC10481F737B,BA585AC9-90BC-4A3E-A1E8-DC10481F737B,Pensionat (Avernakø),Renseanlæg,-,-,,Mekanisk rens.,845.43,845.43,1732.6,1732.6,202.02,202.02,34.216,34.216,4496.8,4496.8,,584800.000000013,6097049.99999994
2017-21 gennemsnit,250,999,,,,1200,999,,,,Ikast-Brande kommune,756,,BAC21309-BEC4-4EC0-AA97-CB604ED97605,BAC21309-BEC4-4EC0-AA97-CB604ED97605,STATSFÆNGSLET KÆRSHOVEDGÅRD,Renseanlæg,-,-,,MB,267.91,267.91,821.8525,821.8525,158.8575,158.8575,25.30125,25.30125,4088,4088,,517588,6216976
2017-21 gennemsnit,130000,999,,,,130000,999,,,,Faxe kommune,320,,BAE41227-5559-4D3D-8342-9ECD51E1D3A1,BAE41227-5559-4D3D-8342-9ECD51E1D3A1,FAKSE,Renseanlæg,-,-,,MBNDK,8857.7486384,8857.7486384,91194.164822,91194.164822,7629.1206114,7629.1206114,845.642704,845.642704,2250575.4,2250575.4,,697534.00000039,6126541.99999056
2017-21 gennemsnit,400,999,,,,240,999,,,,Svendborg kommune,479,,BAEC846E-A48F-4D0C-BC08-18F6B656D6B7,BAEC846E-A48F-4D0C-BC08-18F6B656D6B7,Strynø Renseanlæg,Renseanlæg,-,-,,MBNDKF,3.0554592308,3.0554592308,58.857776924,58.857776924,259.09389154,259.09389154,4.3273551538,4.3273551538,3440,3440,,603011.000000035,6084980.99999982
2017-21 gennemsnit,516,999,,,,516,999,,,,Lolland kommune,360,,BB28E7A1-8EC7-422C-8371-197D8304A940,BB28E7A1-8EC7-422C-8371-197D8304A940,ASKØ STRANDVIG,Renseanlæg,-,-,,MBK,70.56404,70.56404,406.21097654,406.21097654,166.986602,166.986602,22.566892566,22.566892566,5689.4483334,5689.4483334,,660274.999998523,6085335.00012644
2017-21 gennemsnit,110,999,,,,110,999,,,,Lolland kommune,360,,BB28F28F-0CBF-409C-B974-8DC53A2E08DA,BB28F28F-0CBF-409C-B974-8DC53A2E08DA,ERRINDLEV HAVN,Renseanlæg,-,-,,MBS,1.8176461166,1.8176461166,32.857818334,32.857818334,72.94655,72.94655,7.6957698334,7.6957698334,1258.7366664,1258.7366664,,664577.000000313,6058721.99999709
2017-21 gennemsnit,4000,999,,,,3150,999,,,,Viborg kommune,791,,BB8D9F9F-52B4-4B64-BB5B-4179CFD50F3D,BB8D9F9F-52B4-4B64-BB5B-4179CFD50F3D,Hammershøj,Renseanlæg,-,-,,MBK,536.98914112,536.98914112,4174.3424168,4174.3424168,1308.042555,1308.042555,45.105101808,45.105101808,169550,169550,,546598.000000001,6261093
2017-21 gennemsnit,130,999,,,,130,999,,,,Viborg kommune,791,,BBD69F5E-5B9F-4F5F-B8E3-77F0549679D4,BBD69F5E-5B9F-4F5F-B8E3-77F0549679D4,Monier A/S Hersom Værket,Renseanlæg,-,-,,MB,125.28,125.28,404,404,79.84,79.84,13.24,13.24,1842.8,1842.8,,532558,6268370
2017-21 gennemsnit,11500,999,,,,11074,999,,,,Næstved kommune,370,,BC1349D7-5AA8-4F54-BA48-98F528051EE1,BC1349D7-5AA8-4F54-BA48-98F528051EE1,HOLME OLSTRUP,Renseanlæg,-,-,,MBNDK,2320.0638056,2320.0638056,22537.493664,22537.493664,2541.7856782,2541.7856782,210.66768802,210.66768802,1057363.8,1057363.8,,680919.000000379,6127843.99999442
2017-21 gennemsnit,15800,999,,,,22500,999,,,,DRAGØR KOMMUNE,155,,BC2EB2DC-21AD-4BAE-966A-9826F643A770,BC2EB2DC-21AD-4BAE-966A-9826F643A770,Dragør,Renseanlæg,-,-,,MBNDK,8788.4305394,8788.4305394,62629.4101038,62629.4101038,6795.1407636,6795.1407636,671.76908854,671.76908854,1826575.9999998,1826575.9999998,,731595.999999081,6167873.9999742
2017-21 gennemsnit,60,999,,,,60,999,,,,Lolland kommune,360,,BC3B8185-8D72-4029-97C7-658D317D66AA,BC3B8185-8D72-4029-97C7-658D317D66AA,PEDERSTRUP EFTERSKOLE,Renseanlæg,-,-,,MBN,160.07,160.07,562.88,562.88,165.464,165.464,28.352,28.352,4905.6,4905.6,,645012.000000181,6085733.99999859
2017-21 gennemsnit,18333,999,,DKCOAST214,SWB,20000,999,,VP3II,Indsats. Renseanlæg.,Svendborg kommune,479,,BC44B5F9-6FB6-4496-A653-88A03A895771,BC44B5F9-6FB6-4496-A653-88A03A895771,Egebjerg syd Renseanlæg,Renseanlæg,Indsats. Renseanlæg.,-,"N: 3,5 mg/l.",MBNDKL,2117.2901746,2117.2901746,23116.8524254,23116.8524254,4085.1821072,4085.1821072,104.908559102,104.908559102,802187.7999998,802187.7999998,,589800.000000018,6099509.99999992
2017-21 gennemsnit,2500,999,,,,1795,999,,,,Vordingborg kommune,390,,BCDF46F0-6907-44D2-A91D-C70C97C80BF3,BCDF46F0-6907-44D2-A91D-C70C97C80BF3,BØNSVIG - STAVREBY,Renseanlæg,-,-,,MBND,212.3965337,212.3965337,3787.770107,3787.770107,1109.8180996,1109.8180996,41.037886188,41.037886188,113710.8,113710.8,,702529.000000397,6109001.99998927
2017-21 gennemsnit,30000,999,,,,30000,999,,,,HELSINGØR KOMMUNE,217,,BCF08610-77C5-4D96-8C8C-21D36548D252,BCF08610-77C5-4D96-8C8C-21D36548D252,Sydkysten,Renseanlæg,-,-,,MBNDK,8489.3084792,8489.3084792,59433.081878,59433.081878,17749.7841202,17749.7841202,1882.0309724,1882.0309724,2318947.05,2318947.05,,721997.999999441,6211152.99997889
2017-21 gennemsnit,1000,999,,,,900,999,,,,Lolland kommune,360,,BD4DA93A-0252-4C96-8389-FEDFD90DC5FD,BD4DA93A-0252-4C96-8389-FEDFD90DC5FD,HALSTED,Renseanlæg,-,-,,MBNK,0,222.02455162,0,2057.0853852,0,714.27853778,0,50.660104856,0,86172.8,,642918.00000017,6080583.99999872
2017-21 gennemsnit,690,999,,,,570,999,,,,Frederikshavn kommune,813,,BD5C393E-C613-467D-A652-3676126CF588,BD5C393E-C613-467D-A652-3676126CF588,Brønden,Renseanlæg,-,-,,MB,14.491889602,14.491889602,86.373861928,86.373861928,50.106080486,50.106080486,5.9883124608,5.9883124608,3002.3999998,3002.3999998,,574674.000000007,6349745.99999996
2017-21 gennemsnit,210000,999,,DKCOAST128,SWB,210000,999,,VP3II,Indsats. Renseanlæg.,Horsens kommune,615,,BD86FA0F-B3CD-4CE7-9CD5-40BA8896C27E,BD86FA0F-B3CD-4CE7-9CD5-40BA8896C27E,Horsens,Renseanlæg,Indsats. Renseanlæg.,-,"N: 3,5 mg/l.",MBNDK,22609.803106,22609.803106,225685.65694,225685.65694,43155.58308,43155.58308,1084.38970664,1084.38970664,8871218.4,8871218.4,,553691.000000001,6190268
2017-21 gennemsnit,24000,999,,DKCOAST120,SWB,28000,999,,VP3II,Indsats. Renseanlæg.,Vejen kommune,575,,BDF6F944-2A77-4810-A108-A6327AAB0542,BDF6F944-2A77-4810-A108-A6327AAB0542,Vejen,Renseanlæg,Indsats. Renseanlæg.,-,"P: 0,1 mg/l.",MBNDK,10528.92316,10528.92316,79237.989228,79237.989228,10421.820242,10421.820242,2609.7246976,2609.7246976,2952988,2952988,,511249,6146074
2017-21 gennemsnit,0,999,,,,0,999,,,,Rebild Kommune,840,,BE083A6A-B4B9-4D02-BA9B-39485461ECCD,BE083A6A-B4B9-4D02-BA9B-39485461ECCD,Årestrup,Renseanlæg,-,-,,0,0,138.17334994,0,782.1686666,0,605.84449994,0,6.1945005666,0,16914.026666,,544894,6297358
2017-21 gennemsnit,265000,999,,,,227000,999,,,,Aalborg kommune,851,,BE0AEFE9-4ED0-4B7D-9C7F-CFE44B035FB0,BE0AEFE9-4ED0-4B7D-9C7F-CFE44B035FB0,Aalborg Vest,Renseanlæg,-,-,,MBNDK,66417.703252,66417.703252,613129.1321,613129.1321,122700,114042.32524,11500,10464.9219326,19783588.4,19783588.4,,552263.000000001,6323528
2017-21 gennemsnit,230000,999,,DKCOAST131,SWB,188000,999,,VP3II,Indsats. Renseanlæg.,Holstebro kommune,661,,BE2DE759-1DDF-4186-A9B3-B0A0BD299C99,BE2DE759-1DDF-4186-A9B3-B0A0BD299C99,Holstebro,Renseanlæg,Indsats. Renseanlæg.,-,"P: 0,1 mg/l.",MBNDK,21580.988416,21580.988416,182088.6994,182088.6994,23267.74076,23267.74076,1677.185023,1677.185023,5249387,5249387,,475189,6245740
2017-21 gennemsnit,21500,999,,,,21500,999,,,,Skanderborg kommune,746,,BE705DD8-8A50-4EC3-B16B-B3454129E58D,BE705DD8-8A50-4EC3-B16B-B3454129E58D,Skovby Renseanlæg,Renseanlæg,-,-,,MBNDK,4560.696597,4560.696597,40392.673366,40392.673366,16470,5408.3675198,1098,389.20210026,1933226.65,1933226.65,,559163.000000002,6225607.99999999
2017-21 gennemsnit,5000,999,,,,5000,999,,,,Nyborg kommune,450,,BE7E2B3A-BAFB-4671-893B-3C50B17F16B1,BE7E2B3A-BAFB-4671-893B-3C50B17F16B1,Kløverhage Renseanlæg,Renseanlæg,-,-,,MBNK,0,921.27716806,0,6131.7892964,0,970.61849,0,110.63192144,0,285663.2,,615860.000000062,6121759.99999962
2017-21 gennemsnit,12000,999,,,,10451,999,,,,Silkeborg Kommune,740,,BE9C52D8-B86F-4B7F-AFAF-8A4FD2B4B9B0,BE9C52D8-B86F-4B7F-AFAF-8A4FD2B4B9B0,Truust CR,Renseanlæg,-,-,,MBNDK,1583.5476,1583.5476,12618.920626,12618.920626,2061.02,1075.69097,122.32,109.444927816,588615.4,588615.4,,541242,6238126
2017-21 gennemsnit,9900,999,,,,4226,999,,,,Gribskov kommune,270,,BEB7ED62-1E8A-4C67-97F3-65CA113681E3,BEB7ED62-1E8A-4C67-97F3-65CA113681E3,Dronningmølle,Renseanlæg,-,-,,MBNK,0,1369.9413886,0,14110.5967,0,6148.0669678,0,187.85024038,0,415696.2,,711467.999999882,6221362.99998403
2017-21 gennemsnit,50,999,,,,50,999,,,,Holbæk kommune,316,,BEF80AAD-AA44-439A-ACBB-27273B43B1A4,BEF80AAD-AA44-439A-ACBB-27273B43B1A4,GODTHÅB FAURBO,Renseanlæg,-,-,,Mekanisk rens.,0,615.3,0,1260,0,235.4,0,37.28,0,4088,,650149.000000197,6174563.99999807
2017-21 gennemsnit,620,999,,,,735,999,,,,SAMSØ KOMMUNE,741,,BF62E57C-A231-4DEC-8351-FEF145C019BF,BF62E57C-A231-4DEC-8351-FEF145C019BF,Onsbjerg,Renseanlæg,-,-,,Rodzoneanlæg,55.671365636,55.671365636,523.04172348,523.04172348,247.89277062,247.89277062,15.462327188,15.462327188,18445.4,18445.4,,598852.000000028,6191003.99999984
2017-21 gennemsnit,75,999,,,,75,999,,,,Bornholms Regionskommune,400,,BF672686-FE10-4DE7-8F72-BC3F7F3E003E,BF672686-FE10-4DE7-8F72-BC3F7F3E003E,Chr.høj kroen,Renseanlæg,-,-,,BS  Biologisk sandfilter,65.94,65.94,202.6,202.6,45.32,45.32,8.252,8.252,1226.4,1226.4,,876604.999751852,6124291.99953834
2017-21 gennemsnit,50,999,,,,50,999,,,,Skive kommune,779,,C02B1C31-E515-41AF-9CA8-6ECC80BFAE84,C02B1C31-E515-41AF-9CA8-6ECC80BFAE84,Hejlskov,Renseanlæg,-,-,,MBS,11.1537069516,11.1537069516,156.19606828,156.19606828,123.089740126,123.089740126,8.0746994,8.0746994,10955.7999998,10955.7999998,,513380,6274949
2017-21 gennemsnit,165,999,,,,165,999,,,,Lolland kommune,360,,C02B2098-0268-4027-ADF6-17889AC60EA6,C02B2098-0268-4027-ADF6-17889AC60EA6,VINDEBY,Renseanlæg,-,-,,Rodzoneanlæg,0,6.903219,0,88.79636,0,47.42364,0,6.5097825,0,3130.9499998,,637868.000000144,6088753.99999896
2017-21 gennemsnit,14000,999,,,,18000,999,,,,Vejen kommune,575,,C12A41AF-90C1-4AE9-A996-7734B2E9B75A,C12A41AF-90C1-4AE9-A996-7734B2E9B75A,Brørup,Renseanlæg,-,-,,MBNDK,3291.1085046,3291.1085046,25274.090048,25274.090048,3575.4142308,3575.4142308,202.14137022,202.14137022,1045581.2,1045581.2,,500687,6150258
2017-21 gennemsnit,10200,999,,,,6000,999,,,,Assens kommune,420,,C19E44DB-BC0B-4AC3-A9AC-A71871620151,C19E44DB-BC0B-4AC3-A9AC-A71871620151,Vissenbjerg Renseanlæg,Renseanlæg,-,-,,MBNDK,0,1608.7595036,0,15754.625936,0,2739.8887956,0,225.48327122,0,918770.8,,569065.000000005,6139490.99999998
2017-21 gennemsnit,5500,999,,,,5500,999,,,,Stevns kommune,336,,C274E853-97AF-4352-931C-CB3A4C6F2EFB,C274E853-97AF-4352-931C-CB3A4C6F2EFB,RØDVIG,Renseanlæg,-,-,,MBNK,660.96802964,660.96802964,8105.3985834,8105.3985834,705.84536564,705.84536564,101.31834578,101.31834578,226155,226155,,712671.000000206,6127213.99998529
2017-21 gennemsnit,120,999,,,,120,999,,,,Middelfart kommune,410,,C27A5C95-9F7F-4843-B1CD-C882B4D7146B,C27A5C95-9F7F-4843-B1CD-C882B4D7146B,Udby Behandlingshjem Rens.,Renseanlæg,-,-,,SOP,153.66,153.66,472.6,472.6,105.88,105.88,19.068,19.068,2861.6,2861.6,,555000.000000002,6142900
2017-21 gennemsnit,99,999,,,,99,999,,,,Kalundborg kommune,326,,C2DBB422-176D-4AEF-9125-A44F30051EBA,C2DBB422-176D-4AEF-9125-A44F30051EBA,Årbyhus KURSUSCENTER,Renseanlæg,-,-,,MB,351.28,351.28,1080,1080,241.84,241.84,43.384,43.384,6540.8,6540.8,,631300.000000111,6166699.99999914
2017-21 gennemsnit,2000,999,,,,1500,999,,,,Ringkøbing-Skjern kommune,760,,C322CE0E-22DB-4917-BD61-E710C14A88DC,C322CE0E-22DB-4917-BD61-E710C14A88DC,Stadil,Renseanlæg,-,-,,MBNK,0,522.95465706,0,5966.6658568,0,1087.3681026,0,69.409306178,0,195674.2,,451912.999999999,6228318
2017-21 gennemsnit,50,999,,,,0,999,,,,Frederikssund kommune,250,,C39DC999-F03B-40D6-BAAE-99361A2E6CBA,C39DC999-F03B-40D6-BAAE-99361A2E6CBA,Højstenshus,Renseanlæg,-,-,,Mekanisk rens.,768.7,768.7,1575,1575,183.6,183.6,31.08,31.08,4088,4088,,685505.000000325,6190978.99999299
2017-21 gennemsnit,6800,999,,,,6800,999,,,,Sorø kommune,340,,C39E9E8F-87DE-4090-BED1-E052F9751A9D,C39E9E8F-87DE-4090-BED1-E052F9751A9D,STENLILLE,Renseanlæg,-,-,,MBNDK,871.13434,871.13434,8797.4399932,8797.4399932,1382.5611084,1382.5611084,51.26788217,51.26788217,331767.8,331767.8,,662476.340380667,6157956.51854806
2017-21 gennemsnit,33000,999,,,,24426,999,,,,Lolland kommune,360,,C3B87804-727E-4B3B-A39F-32FD22A64EF5,C3B87804-727E-4B3B-A39F-32FD22A64EF5,NAKSKOV,Renseanlæg,-,-,,MBNDK,3879.1923218,3879.1923218,43028.731002,43028.731002,4770.9626936,4770.9626936,1116.5176846,1116.5176846,1946161.4,1946161.4,,626769.9999987,6072440.00012642
2017-21 gennemsnit,125000,999,,,,125000,999,,,,Esbjerg kommune,561,,C40902D9-3976-47DB-9050-5BAE48DF15BC,C40902D9-3976-47DB-9050-5BAE48DF15BC,Esbjerg øst,Renseanlæg,-,-,,MBNDK,8239.2504732,8239.2504732,120435.97778,120435.97778,15396.565728,15396.565728,1125.6262862,1125.6262862,4693288,4693288,,465920,6145273
2017-21 gennemsnit,4400,999,,,,4400,999,,,,Viborg kommune,791,,C4ABB4BB-A755-4DC7-997B-22FEFB1C57A5,C4ABB4BB-A755-4DC7-997B-22FEFB1C57A5,Fiskbæk,Renseanlæg,-,-,,MBNDK,0,566.6801807,0,5455.6681806,0,1354.1809274,0,61.980865338,0,289393.2,,518924,6263244
2017-21 gennemsnit,58000,999,,,,53445,999,,,,Lemvig kommune,665,,C51AD294-A14B-4988-8AEB-110C8987324B,C51AD294-A14B-4988-8AEB-110C8987324B,Harboøre,Renseanlæg,-,-,,MBNDK,2330.0587208,2330.0587208,24609.213504,24609.213504,3859.4054334,3859.4054334,393.03759574,393.03759574,923554.656,923554.656,,450642.999999999,6274412
2017-21 gennemsnit,320,999,,,,320,999,,,,Esbjerg kommune,561,,C5B00018-9C7F-422B-B713-9966D9946B5E,C5B00018-9C7F-422B-B713-9966D9946B5E,Mandø,Renseanlæg,-,-,,Rodzoneanlæg,43.624515024,43.624515024,509.57009302,509.57009302,269.34071612,269.34071612,53.907872766,53.907872766,7957.9999998,7957.9999998,,471040,6125324
2017-21 gennemsnit,1000,999,,,,1000,999,,,,Tønder kommune,550,,C6075AF9-8CFF-4490-A8BD-B8A1A071E8FB,C6075AF9-8CFF-4490-A8BD-B8A1A071E8FB,BRØNS,Renseanlæg,-,-,,MBN,1348.7781724,1348.7781724,6707.1852568,6707.1852568,1320.5858374,1320.5858374,212.86137662,212.86137662,141606,141606,,483035,6116180
2017-21 gennemsnit,17000,999,,,,17000,999,,,,Roskilde kommune,265,,C74F0A7B-EFD7-4E4D-9F4F-2E2A22B3F2D0,C74F0A7B-EFD7-4E4D-9F4F-2E2A22B3F2D0,Jyllinge,Renseanlæg,-,-,,MBNDK,2421.782402,2421.782402,24287.263262,24287.263262,3290.6410158,3290.6410158,282.80228326,282.80228326,721441.6,721441.6,,694356.000000307,6183258.99999082
2017-21 gennemsnit,0,999,,,,0,999,,,,Hedensted Kommune,766,,C7F05785-1AEF-41C2-B10A-9D68BFA03AFB,C7F05785-1AEF-41C2-B10A-9D68BFA03AFB,"Hjarnø Camping, Hovedvejen 29",Renseanlæg,-,-,,Mekanisk rens.,1229.68,1229.68,2520,2520,293.72,293.72,49.656,49.656,6540.8,6540.8,,567850.000000004,6187899.99999998
2017-21 gennemsnit,14000,999,,,,9500,999,,,,Bornholms Regionskommune,400,,C80C0E25-2165-489A-80B5-CBF9EAB23B14,C80C0E25-2165-489A-80B5-CBF9EAB23B14,Nexø Renseanlæg,Renseanlæg,-,-,,MBNDK,2127.5955928,2127.5955928,31035.308878,31035.308878,3225.3125522,3225.3125522,350.38723852,350.38723852,1208765.2,1208765.2,,891970.999640306,6118205.99941477
2017-21 gennemsnit,200,999,,,,200,999,,,,Lolland kommune,360,,C842F0A4-F9A4-4A38-B927-14F3DE593197,C842F0A4-F9A4-4A38-B927-14F3DE593197,TÅRS FÆRGEHAVN,Renseanlæg,-,-,,MK,100.271123666,100.271123666,660.95798334,660.95798334,144.32754834,144.32754834,14.980690334,14.980690334,2443.1033332,2443.1033332,,630454.000000111,6082957.99999925
2017-21 gennemsnit,2400,999,,,,2400,999,,,,Egedal Kommune,240,,C9271A6E-ADEF-4138-BE91-9E35FACA186B,C9271A6E-ADEF-4138-BE91-9E35FACA186B,Slagslunde,Renseanlæg,-,-,,MBNDK,517.34212774,517.34212774,3320.0712412,3320.0712412,291.19185416,291.19185416,32.211624918,32.211624918,154089.3230798,154089.3230798,,702368.00000021,6189242.99998822
2017-21 gennemsnit,30,999,,,,0,999,,,,Køge kommune,259,,C9DFACB9-751C-4C11-BC0E-8729EF28A6FF,C9DFACB9-751C-4C11-BC0E-8729EF28A6FF,Lygtebanke renseanlæg,Renseanlæg,-,-,,MBN,98.91,98.91,337.6,337.6,90.64,90.64,16.264,16.264,2452.8,2452.8,,685942.000000371,6150747.99999324
2017-21 gennemsnit,4000,999,,,,6000,999,,,,Assens kommune,420,,C9EE7CB6-3425-4BF0-8346-BFA3D191252C,C9EE7CB6-3425-4BF0-8346-BFA3D191252C,Holmehave Renseanlæg,Renseanlæg,-,-,,MBNDKL,0,969.14314452,0,9670.9347288,0,1221.4772462,0,134.97864588,0,471755.8,,577284.000000008,6128653.99999997
2017-21 gennemsnit,3000,999,,,,3000,999,,,,Slagelse kommune,330,,CA4497CF-7780-4A9A-A70E-4BACBB21A6B0,CA4497CF-7780-4A9A-A70E-4BACBB21A6B0,DALMOSE,Renseanlæg,-,-,,MBNK,667.80314868,667.80314868,5075.4657444,5075.4657444,948.54422458,948.54422458,93.13121726,93.13121726,203720.8,203720.8,,653445.000000224,6129504.99999792
2017-21 gennemsnit,50,999,,,,50,999,,,,Holbæk kommune,316,,CADA45B2-6458-4A2F-9F46-7E360613EE87,CADA45B2-6458-4A2F-9F46-7E360613EE87,ORØSTRAND,Renseanlæg,-,-,,MB,219.6,219.6,675,675,151.2,151.2,27.12,27.12,4088,4088,,674900.000000314,6186099.99999511
2017-21 gennemsnit,2500,999,,,,2500,999,,,,Herning kommune,657,,CB102C6B-AECB-4BBB-8516-2C3AFEE371C3,CB102C6B-AECB-4BBB-8516-2C3AFEE371C3,Sdr. Felding,Renseanlæg,-,-,,MBNK,876.9328387,876.9328387,6263.2359244,6263.2359244,1299.410434,1299.410434,116.4227484,116.4227484,322015.2,322015.2,,485469,6199213
2017-21 gennemsnit,7000,999,,,,4485,999,,,,Gribskov kommune,270,,CB13C34F-BF32-413D-ADB2-C102CD8389B2,CB13C34F-BF32-413D-ADB2-C102CD8389B2,Græsted,Renseanlæg,-,-,,MBNK,0,1136.9978436,0,13826.89192,0,2207.8501084,0,246.07275432,0,607240.4,,705208.000000072,6218652.99998671
2017-21 gennemsnit,20000,999,,,,15000,999,,,,Holstebro kommune,661,,CBC87E62-37BF-45CA-80DD-DC77A1D5627F,CBC87E62-37BF-45CA-80DD-DC77A1D5627F,Vinderup,Renseanlæg,-,-,,MBNDK,3044.5553418,3044.5553418,26720.983612,26720.983612,2308.2605234,2308.2605234,186.20369622,186.20369622,1000050.8,1000050.8,,485825,6259760
2017-21 gennemsnit,115,999,,,,105,999,,,,Syddjurs kommune,706,,CC6F77D0-E165-4CA8-B4D8-BBDA03991646,CC6F77D0-E165-4CA8-B4D8-BBDA03991646,Ungdom Med Opgave,Renseanlæg,-,-,,MB,461.18,461.18,1417.6,1417.6,317.44,317.44,57.044,57.044,8584.8,8584.8,,576626.000000008,6251717.99999996
2017-21 gennemsnit,1507,999,,,,1507,999,,,,Syddjurs kommune,706,,CCF1423A-7710-49D0-A815-66D16D1F7ECB,CCF1423A-7710-49D0-A815-66D16D1F7ECB,Tåstrup Feldballe,Renseanlæg,-,-,,MBNL,0,533.3806799,0,4841.4608426,0,1312.0544948,0,208.66507048,0,190175.7999998,,597723.000000026,6240096.99999984
2017-21 gennemsnit,0,999,,,,0,999,,,,Lolland kommune,360,,CDB6B751-DBFB-463F-A053-F2319DB7B5BF,CDB6B751-DBFB-463F-A053-F2319DB7B5BF,NØBBET SAVVÆRK,Renseanlæg,-,-,,0,0,444.30164,0,913.8848,0,106.65072,0,16.616976,0,2229.0799998,,645658.000000184,6089863.99999855
2017-21 gennemsnit,1000,999,,,,1000,999,,,,Kolding kommune,621,,CE7DB384-5E92-4985-BE96-667BA40C8B71,CE7DB384-5E92-4985-BE96-667BA40C8B71,ØDIS RENSEANLÆG,Renseanlæg,-,-,,MBNK,340.88008806,340.88008806,2161.8064688,2161.8064688,835.87074896,835.87074896,51.506763684,51.506763684,115100.683334,115100.683334,,524840,6139510
2017-21 gennemsnit,90,999,,,,90,999,,,,Haderslev kommune,510,,CECB2D89-C839-48F7-807A-043B4A2BE1D0,CECB2D89-C839-48F7-807A-043B4A2BE1D0,HELSE- og EHLERSHJEMMET,Renseanlæg,-,-,,BS  Biologisk sandfilter,0,395.24,0,1215,0,272.12,0,48.832,0,7358.4,,532892,6112767
2017-21 gennemsnit,39,999,,,,39,999,,,,Næstved kommune,370,,CF980C8F-63B8-4734-96D9-B81EA1270DBA,CF980C8F-63B8-4734-96D9-B81EA1270DBA,HJULEBÆK,Renseanlæg,-,-,,Mekanisk rens.,0,369.18,0,756,0,137.32,0,22.376,0,2452.8,,676148.000000355,6131352.99999523
2017-21 gennemsnit,1150,999,,,,1150,999,,,,Vordingborg kommune,390,,D005989A-1476-4FCC-9387-E82602423D27,D005989A-1476-4FCC-9387-E82602423D27,KLINTHOLM HAVN,Renseanlæg,-,-,,MBN,61.315643586,61.315643586,779.61807264,779.61807264,194.903508476,194.903508476,12.971563254,12.971563254,34332.4,34332.4,,721748.000000089,6094872.99998184
2017-21 gennemsnit,20000,999,,,,20000,999,,,,Svendborg kommune,479,,D013633D-58C2-46F4-8CE3-376C95842F2C,D013633D-58C2-46F4-8CE3-376C95842F2C,Strandgården Renseanlæg,Renseanlæg,-,-,,MBNDK,1031.6092636,1031.6092636,13526.722268,13526.722268,1474.270564,1474.270564,114.47090196,114.47090196,447898.4,447898.4,,614621.000000059,6114086.99999964
2017-21 gennemsnit,75,999,,,,75,999,,,,Guldborgsund Kommune,376,,D1EA7D3A-45A5-433E-A57A-1995721044E8,D1EA7D3A-45A5-433E-A57A-1995721044E8,RYKKERUP,Renseanlæg,-,-,,Bassinanlæg,0,762.972,0,1562.4,0,196.496,0,33.9424,0,4307.32,,674738.000000382,6070503.99999578
2017-21 gennemsnit,0,999,,,,0,999,,,,Herning kommune,657,,D2C8C3DC-65A3-4F5A-B3FB-5173C1722619,D2C8C3DC-65A3-4F5A-B3FB-5173C1722619,Sørvad,Renseanlæg,-,-,,0,0,367.90476204,0,3403.2208442,0,840.600635,0,67.21626212,0,142364,,478946,6235957
2017-21 gennemsnit,3500,999,,,,3500,999,,,,Viborg kommune,791,,D325FF58-6296-4238-9D3D-9273407D7255,D325FF58-6296-4238-9D3D-9273407D7255,Skals,Renseanlæg,-,-,,MBNDK,0,1327.21633774,0,10225.4330748,0,2150.810555,0,141.09691392,0,497805.8,,523550,6268468
2017-21 gennemsnit,18000,999,,,,13518,999,,,,Skanderborg kommune,746,,D337EC42-E31C-4D57-912E-D5DE7AF92305,D337EC42-E31C-4D57-912E-D5DE7AF92305,Hørning Renseanlæg,Renseanlæg,-,-,,MBNDK,0,2070.9884546,0,18510.919824,0,2630.5039852,0,124.25972578,0,801815.68334,,565297.000000003,6217425.99999999
2017-21 gennemsnit,0,999,,,,0,999,,,,Lolland kommune,360,,D3B55DEF-DDE8-4837-A3D9-813C5B167B60,D3B55DEF-DDE8-4837-A3D9-813C5B167B60,ALBUEN CAMPING,Renseanlæg,-,-,,0,0,705.0717666,0,1721.6137332,0,517.9017332,0,20.4462532,0,4168.1,,627459.0000001,6073433.99999936
2017-21 gennemsnit,3500,999,,,,3500,999,,,,Faxe kommune,320,,D3EE68F5-10D5-459B-BBB9-9B2B00417E9C,D3EE68F5-10D5-459B-BBB9-9B2B00417E9C,KARISE,Renseanlæg,-,-,,MBNDK,687.52635272,687.52635272,7067.056033,7067.056033,1403.6046726,1403.6046726,98.260002326,98.260002326,362268.4,362268.4,,703864.000000329,6133467.9999885
2017-21 gennemsnit,100,999,,,,100,999,,,,Hedensted Kommune,766,,D4446CC8-CA6C-40FD-AC3C-4C252CA9F7A6,D4446CC8-CA6C-40FD-AC3C-4C252CA9F7A6,Castberggård,Renseanlæg,-,-,,MB,267.8974933334,267.8974933334,810,810,185.4,185.4,34.16,34.16,5026.6666666,5026.6666666,,548900.000000001,6180279
2017-21 gennemsnit,850,999,,,,850,999,,,,Lolland kommune,360,,D509EA41-C2CF-4356-91CF-A5B27B3F569E,D509EA41-C2CF-4356-91CF-A5B27B3F569E,SANDBY,Renseanlæg,-,-,,MB,209.12132958,209.12132958,2181.4608882,2181.4608882,357.9857659,357.9857659,62.75931956,62.75931956,72185.2,72185.2,,633804.000000126,6082357.99999913
2017-21 gennemsnit,385000,999,,DKCOAST93,SWB,385000,999,,VP3II,Indsats. Renseanlæg.,ODENSE KOMMUNE,461,,D5510DB8-4C3A-49F4-A425-79693442EA4B,D5510DB8-4C3A-49F4-A425-79693442EA4B,Ejby Mølle Renseanlæg,Renseanlæg,Indsats. Renseanlæg.,-,"N: 3,5 mg/l.",MBNDKF,46914.952764,46914.952764,381089.39406,381089.39406,75305.881128,75305.881128,4901.620398,4901.620398,16824220.0,16824220.0,,589940.000000017,6140174.99999991
2017-21 gennemsnit,50,999,,,,55,999,,,,Holstebro kommune,661,,D56343E0-E33D-46A8-8AF9-88B9D6D8333A,D56343E0-E33D-46A8-8AF9-88B9D6D8333A,PALLISBJERG,Renseanlæg,-,-,,Mekanisk rens.,768.7,768.7,1575,1575,183.6,183.6,31.08,31.08,4088,4088,,452669.999999999,6237275
2017-21 gennemsnit,120,999,,,,120,999,,,,Bornholms Regionskommune,400,,D58F12D7-20F3-4E6B-80A2-512E482E247C,D58F12D7-20F3-4E6B-80A2-512E482E247C,Bådstad Camping,Renseanlæg,-,-,,Mekanisk rens.,461.18,461.18,945,945,110.12,110.12,18.576,18.576,2452.8,2452.8,,873622.99976318,6136240.99955347
2017-21 gennemsnit,30,999,,,,30,999,,,,Vesthimmerlands kommune,820,,D59F4857-B788-4447-8809-23B62EFDD186,D59F4857-B788-4447-8809-23B62EFDD186,Skivum Krat,Renseanlæg,-,-,,MBNKF,6.6,6.6,27,27,15.84,15.84,0.22,0.22,236.4,236.4,,536346.075904171,6304444.67241873
2017-21 gennemsnit,60,999,,,,60,999,,,,Lemvig kommune,665,,D5B20155-1BE8-4E01-8A6F-38124298707A,D5B20155-1BE8-4E01-8A6F-38124298707A,REMMERSTRAND-LEJREN,Renseanlæg,-,-,,Mekanisk rens.,922.36,922.36,1890,1890,220.24,220.24,37.352,37.352,4905.6,4905.6,,468448,6267811
2017-21 gennemsnit,0,999,,,,0,999,,,,Aarhus Kommune,751,,D68D86F2-E486-4A0D-AD32-9AD59CFF0766,D68D86F2-E486-4A0D-AD32-9AD59CFF0766,Viby J - Fiskbæk - fiktivt,Renseanlæg,-,-,,MBNDK,0,527.8,0,6953.6,0,1695.4,0,72.6,0,280948.2,,573975.301393187,6210543.89714282
2017-21 gennemsnit,50,999,,,,50,999,,,,Holbæk kommune,316,,D6AC7AC0-52B0-483C-8984-4063DFF09652,D6AC7AC0-52B0-483C-8984-4063DFF09652,HELLESTRUP,Renseanlæg,-,-,,Mekanisk rens.,0,615.3,0,1260,0,204,0,32.08,0,4088,,669849.000000302,6172823.99999596
2017-21 gennemsnit,4500,999,,,,4500,999,,,,Tønder kommune,550,,D6DFF669-11BD-4612-A5E4-0EB59F5EA136,D6DFF669-11BD-4612-A5E4-0EB59F5EA136,HØJER,Renseanlæg,-,-,,MBNK,1078.706232,1078.706232,9328.143817,9328.143817,2941.4273874,2941.4273874,304.0593546,304.0593546,345659.6,345659.6,,480311,6089806
2017-21 gennemsnit,1200,999,,,,1040,999,,,,Hillerød kommune,219,,D74749CE-B3BA-4419-8452-2A4535F634B1,D74749CE-B3BA-4419-8452-2A4535F634B1,Nr. Herlev,Renseanlæg,-,-,,MBND,0,200.27057738,0,1570.8718574,0,533.7072978,0,25.033685596,0,73230.5999998,,703898.497743458,6198498.07682829
2017-21 gennemsnit,250,999,,,,250,999,,,,Roskilde kommune,265,,D7772FCE-6AF5-40A3-975E-CC7BC46CB589,D7772FCE-6AF5-40A3-975E-CC7BC46CB589,Munkesøgård,Renseanlæg,-,-,,BS  Biologisk sandfilter,549.1,549.1,1687.6,1687.6,378,378,67.9,67.9,10220,10220,,697297.000000306,6172367.99999009
2017-21 gennemsnit,47000,999,,DKCOAST45,SWB,31488,999,,VP3II,Indsats. Renseanlæg.,Vordingborg kommune,390,,D8A5612F-ABB9-495B-8066-89F3C3297C3C,D8A5612F-ABB9-495B-8066-89F3C3297C3C,VORDINGBORG,Renseanlæg,Indsats. Renseanlæg.,-,"N: 3,5 mg/l.",MBNDK,10701.03147,10701.03147,111266.58078,111266.58078,14231.169502,14231.169502,1765.47519682,1765.47519682,2634003.4,2634003.4,,683886.000000417,6097135.99999408
2017-21 gennemsnit,526,999,,,,526,999,,,,Lolland kommune,360,,D8FAC44D-B582-4088-A011-E2E4D5136F77,D8FAC44D-B582-4088-A011-E2E4D5136F77,VESTER TIRSTED,Renseanlæg,-,-,,MBS,109.87334372,109.87334372,1040.3304626,1040.3304626,1440.9675196,1440.9675196,186.037986,186.037986,40435.2,40435.2,,650898.000000218,6067693.99999825
2017-21 gennemsnit,60000,999,,,,60000,999,,,,GREVE KOMMUNE,253,,DA2305F6-A4B3-4D3A-A0DD-5C71883BBBAA,DA2305F6-A4B3-4D3A-A0DD-5C71883BBBAA,Mosede,Renseanlæg,-,-,,MBNDK,20441.258772,20441.258772,165367.20486,165367.20486,23598.535906,23598.535906,2894.9643124,2894.9643124,5123834,5123834,,707808.00000019,6162802.99998663
2017-21 gennemsnit,65,999,,,,65,999,,,,Norddjurs kommune,707,,DA24C1BF-4934-48CA-9E02-424C0E25F2A9,DA24C1BF-4934-48CA-9E02-424C0E25F2A9,Mejlgård Gods,Renseanlæg,-,-,,Bassinanlæg,999.09,999.09,2047.6,2047.6,238.66,238.66,40.248,40.248,5314.4,5314.4,,602149.000000032,6264158.99999978
2017-21 gennemsnit,25000,999,,,,25000,999,,,,Kerteminde kommune,440,,DA9A86A4-56DA-4FF1-80D4-09647D3509B6,DA9A86A4-56DA-4FF1-80D4-09647D3509B6,Kerteminde/Munkebo,Renseanlæg,-,-,,MBNDK,6657.692254,6657.692254,58921.144128,58921.144128,7970.0114034,7970.0114034,736.80835032,736.80835032,2307597.8,2307597.8,,611080.00000005,6149799.99999969
2017-21 gennemsnit,80,999,,,,250,999,,,,Slagelse kommune,330,,DB7B6891-BB33-441C-AB73-AF2CB1C5597D,DB7B6891-BB33-441C-AB73-AF2CB1C5597D,Oreby renseanlæg,Renseanlæg,-,-,,MBBR,48.763801666,48.763801666,354.1362,354.1362,164.69636666,164.69636666,35.611545,35.611545,8192.466666,8192.466666,,652141.000000217,6127267.99999803
2017-21 gennemsnit,22500,999,,,,22500,999,,,,Holbæk kommune,316,,DC8570F2-26A1-4278-957D-C1BD8386B9BC,DC8570F2-26A1-4278-957D-C1BD8386B9BC,TORNVED C.,Renseanlæg,-,-,,MBNDK,2565.7917378,2565.7917378,24858.886174,24858.886174,3502.246527,3502.246527,426.78641848,426.78641848,997536.6,997536.6,,655169.000000225,6172023.99999765
2017-21 gennemsnit,0,999,,,,0,999,,,,Ringkøbing-Skjern kommune,760,,DD366050-D39A-408F-93BD-A1C49D847A02,DD366050-D39A-408F-93BD-A1C49D847A02,Hoven,Renseanlæg,-,-,,0,0,218.791043,0,3117.5896822,0,361.9815024,0,47.323848452,0,28941.6,,484855,6189897
2017-21 gennemsnit,6700,999,,,,8624,999,,,,SAMSØ KOMMUNE,741,,DD4E6A40-DBFA-46DA-A3CD-53F51F3244E5,DD4E6A40-DBFA-46DA-A3CD-53F51F3244E5,Ballen + Havledning,Renseanlæg,-,-,,MBNDK,682.94342032,682.94342032,7397.214166,7397.214166,683.68673654,683.68673654,71.4934262,71.4934262,234163,234163,,603235.000000034,6186130.99999979
2017-21 gennemsnit,100,999,,,,100,999,,,,Syddjurs kommune,706,,DDB768BB-3051-4029-8563-6626F5E3E0DD,DDB768BB-3051-4029-8563-6626F5E3E0DD,Holme,Renseanlæg,-,-,,MB,0,79.493444866,0,765.36421666,0,234.30804994,0,26.649620166,0,12826.978572,,608694.000000044,6233831.9999997
2017-21 gennemsnit,2450,999,,,,2450,999,,,,Lejre kommune,350,,DE220CDD-AF95-4928-A6F7-B66B00508756,DE220CDD-AF95-4928-A6F7-B66B00508756,Sæby,Renseanlæg,-,-,,MBNDK,318.41187996,318.41187996,3117.5419246,3117.5419246,405.23344734,405.23344734,45.289372538,45.289372538,122245.8,122245.8,,686652.000000341,6176916.99999285
2017-21 gennemsnit,10900,999,,,,10900,999,,,,Randers Kommune,730,,DE9F8C20-2312-4147-B933-64541EBB9137,DE9F8C20-2312-4147-B933-64541EBB9137,Langå,Renseanlæg,-,-,,MBNDK,1409.5596068,1409.5596068,13671.375596,13671.375596,2409.4367018,2409.4367018,233.65771912,233.65771912,509499.8,509499.8,,556055.000000002,6250245.99999999
2017-21 gennemsnit,50,999,,,,155,999,,,,Aarhus Kommune,751,,DF2BC8A4-BFC8-47CC-9CFC-3AB1E50C70C0,DF2BC8A4-BFC8-47CC-9CFC-3AB1E50C70C0,Danmarks Japanske Have,Renseanlæg,-,-,,MBN,164.65,164.65,562.6,562.6,151.2,151.2,27.12,27.12,4088,4088,,569983.000000005,6231256.99999998
2017-21 gennemsnit,2360,999,,,,2360,999,,,,SAMSØ KOMMUNE,741,,DFD9C6B5-946D-4BD3-A27D-C747A97AE404,DFD9C6B5-946D-4BD3-A27D-C747A97AE404,Nordøens Renseanlæg,Renseanlæg,-,-,,Ikke oplyst,85.539911032,85.539911032,882.15821586,882.15821586,266.33024634,266.33024634,10.4539155228,10.4539155228,32859.8,32859.8,,597574.000000026,6203531.99999985
2017-21 gennemsnit,15000,999,,,,15000,999,,,,Rudersdal kommune,230,,E0E9F794-FF71-4DDD-A509-293D1F4F08F8,E0E9F794-FF71-4DDD-A509-293D1F4F08F8,Sjælsø,Renseanlæg,-,-,,MBNDK,4140.5309792,4140.5309792,34168.153494,34168.153494,5014.2054666,5014.2054666,908.88805366,908.88805366,1290245.8,1290245.8,,717226.999999764,6197509.99998178
2017-21 gennemsnit,30,999,,,,30,999,,,,Faaborg-Midtfyn kommune,430,,E10F456C-485D-440D-96EB-ACCD7C0F0360,E10F456C-485D-440D-96EB-ACCD7C0F0360,Sundgårdsvej Renseanlæg (BS),Renseanlæg,-,-,,BS  Biologisk sandfilter,131.68,131.68,405,405,90.64,90.64,16.264,16.264,2452.8,2452.8,,593610.000000021,6114669.99999989
2017-21 gennemsnit,19600,999,,,,19600,999,,,,Vejle Kommune,630,,E1D44352-35F3-4BC6-AE6F-3982CCEBFE7F,E1D44352-35F3-4BC6-AE6F-3982CCEBFE7F,BREJNING CENTRALRENS.,Renseanlæg,-,-,,MBNDK,2001.9242444,2001.9242444,19027.8614862,19027.8614862,3049,2589.5332224,283,236.82489786,1281122.9999998,1281122.9999998,,543265.238726501,6170322.12532494
2017-21 gennemsnit,12500,999,,,,10985,999,,,,Silkeborg Kommune,740,,E2033609-D863-4470-A6AE-EB73103A3DA6,E2033609-D863-4470-A6AE-EB73103A3DA6,Them,Renseanlæg,-,-,,MBNDK,2800.2268618,2800.2268618,19655.058306,19655.058306,1545.0908676,1545.0908676,175.15535436,175.15535436,668234.2,668234.2,,534798,6218150
2017-21 gennemsnit,22000,999,,,,22000,999,,,,Jammerbugt kommune,849,,E237E2FE-0D06-4A87-8398-73AED344068E,E237E2FE-0D06-4A87-8398-73AED344068E,Attrup,Renseanlæg,-,-,,MBNDK,4550.38927,4550.38927,34581.31104,34581.31104,7124.097699,7124.097699,354.9965956,354.9965956,1297101.8,1297101.8,,529194,6322092
2017-21 gennemsnit,7500,999,,,,7195,999,,,,Gribskov kommune,270,,E2AB6333-D0B3-4083-AF25-3E401CC132FF,E2AB6333-D0B3-4083-AF25-3E401CC132FF,Tisvilde,Renseanlæg,-,-,,MBNDK,0,1199.815215,0,12180.515596,0,2158.5765866,0,127.16557558,0,567249.4,,693378.000000254,6216692.99999072
2017-21 gennemsnit,27500,999,,,,24670,999,,,,Gribskov kommune,270,,E2E97135-BC29-46BE-BDDE-964EA4E0FADF,E2E97135-BC29-46BE-BDDE-964EA4E0FADF,Helsinge,Renseanlæg,-,-,,MBNDKF,2263.029254,2263.029254,41281.451736,41281.451736,7274.321482,7274.321482,518.80287202,518.80287202,1884969.2,1884969.2,,699078.000000202,6211742.99998902
2017-21 gennemsnit,125000,999,,,,125000,999,,,,MORSØ KOMMUNE,773,,E3003BC5-0525-4507-91F9-8A611D730C65,E3003BC5-0525-4507-91F9-8A611D730C65,Østerstrand,Renseanlæg,-,-,,MBNDK,6911.9526416,6911.9526416,65939.500478,65939.500478,4983.7346216,4983.7346216,934.31172274,934.31172274,2023736.8,2023736.8,,492363,6296816
2017-21 gennemsnit,110,999,,,,200,999,,,,Vordingborg kommune,390,,E31EECD6-7DEA-4D8A-9BE9-0843FEFAECCB,E31EECD6-7DEA-4D8A-9BE9-0843FEFAECCB,JUNGSHOVED OBSERVATIONSKOLONI,Renseanlæg,-,-,,Mekanisk rens.,614.84,614.84,1260,1260,146.96,146.96,24.808,24.808,3270.4,3270.4,,701598.000000405,6108102.99998958
2017-21 gennemsnit,50000,999,,,,50000,999,,,,Kalundborg kommune,326,,E350D23A-14FF-4382-B599-7CF0AFE9302B,E350D23A-14FF-4382-B599-7CF0AFE9302B,KALUNDBORG C.,Renseanlæg,-,-,,MBNDK,21093.389966,21093.389966,411231.7568,411231.7568,38113.286874,38113.286874,3732.9078456,3732.9078456,6659716,6659716,,630318.000000107,6166252.99999918
2017-21 gennemsnit,52,999,,,,30,999,,,,Rebild Kommune,840,,E3904FAA-9686-4FAC-AEA7-EB556B27B90C,E3904FAA-9686-4FAC-AEA7-EB556B27B90C,Binderup korsvej,Renseanlæg,-,-,,Mekanisk rens.,0,319.65,0,630,0,102.5,0,16.64,0,2044,,534718,6292062
2017-21 gennemsnit,75,999,,,,75,999,,,,Tønder kommune,550,,E3C009EA-7BC0-43A3-8953-B262B488CDB4,E3C009EA-7BC0-43A3-8953-B262B488CDB4,MOTEL ROVLI,Renseanlæg,-,-,,Mekanisk rens.,1152.95,1152.95,2362.6,2362.6,275.5,275.5,46.52,46.52,6132,6132,,482613,6116231
2017-21 gennemsnit,1000,999,,,,1000,999,,,,Kalundborg kommune,326,,E4C4B4F3-249D-40E9-A8E5-52794C00E900,E4C4B4F3-249D-40E9-A8E5-52794C00E900,Helles Klint,Renseanlæg,-,-,,MB,610.524,610.524,1876.6,1876.6,420.304,420.304,75.5112,75.5112,11364.64,11364.64,,620100.000000073,6177099.99999949
2017-21 gennemsnit,1000,999,,,,1000,999,,,,Odsherred kommune,306,,E55EE08F-D3DB-4931-946A-F6A76FF6B79D,E55EE08F-D3DB-4931-946A-F6A76FF6B79D,ODDEN HAVNEBY,Renseanlæg,-,-,,Mekanisk rens.,5736.6922014,5736.6922014,20292.100124,20292.100124,2533.3698264,2533.3698264,318.42471096,318.42471096,90658.2,90658.2,,647704.999998513,6205744.0001266
2017-21 gennemsnit,0,999,,,,0,999,,,,Horsens kommune,615,,E5F598C6-D7B5-4113-B164-F46FEDF1169E,E5F598C6-D7B5-4113-B164-F46FEDF1169E,Endelave Camping,Renseanlæg,-,-,,0,922.36,922.36,1890,1890,220.24,220.24,37.352,37.352,4905.6,4905.6,,580450.00000001,6180329.99999995
2017-21 gennemsnit,16000,999,,,,16000,999,,,,Kalundborg kommune,326,,E70F973D-2903-452B-A4A5-DCDA931F941F,E70F973D-2903-452B-A4A5-DCDA931F941F,ORNUM,Renseanlæg,-,-,,MBNDK,3777.9939692,3777.9939692,34557.632014,34557.632014,3625.9087154,3625.9087154,420.4876881,420.4876881,1223802.8,1223802.8,,634585.608470298,6159305.05718268
2017-21 gennemsnit,14000,999,,DKCOAST132,SWB,14000,999,,VP3II,Indsats. Renseanlæg.,Ringkøbing-Skjern kommune,760,,E72182B2-2403-4988-BAD3-D1A3C28AE1F0,E72182B2-2403-4988-BAD3-D1A3C28AE1F0,Videbæk,Renseanlæg,Indsats. Renseanlæg.,-,"P: 0,1 mg/l.",MBNDK,3740.1103886,3740.1103886,25713.969246,25713.969246,3252,3213.0627334,548,573.16852798,907665,907665,,480844,6212418
2017-21 gennemsnit,50,999,,,,50,999,,,,Ringkøbing-Skjern kommune,760,,E7BA3D4D-E533-4AA4-B13B-AC7FF59111B4,E7BA3D4D-E533-4AA4-B13B-AC7FF59111B4,HOUVIG,Renseanlæg,-,-,,Mekanisk rens.,768.7,768.7,1575,1575,183.6,183.6,31.08,31.08,4088,4088,,445529.999999999,6222240
2017-21 gennemsnit,60,999,,,,60,999,,,,Guldborgsund Kommune,376,,E7EF4B27-8C89-4548-89A4-297D845D7839,E7EF4B27-8C89-4548-89A4-297D845D7839,BJERREGÅRDSVEJ 2,Renseanlæg,-,-,,MBN,168.087,168.087,573.82,573.82,154.216,154.216,27.7608,27.7608,4169.76,4169.76,,691900.000000469,6075579.99999255
2017-21 gennemsnit,0,999,,,,0,999,,,,Nordfyns Kommune,480,,E87A322E-B3DA-48CB-9F2A-0D792E8E1AB6,E87A322E-B3DA-48CB-9F2A-0D792E8E1AB6,Gulløkken Renseanlæg,Renseanlæg,-,-,,0,130.56,130.56,267.75,267.75,31.01,31.01,5.412,5.412,758.5,758.5,,570270.000000005,6151339.99999998
2017-21 gennemsnit,120000,999,,,,112000,999,,,,Aarhus Kommune,751,,E89C3928-BD3F-44F9-B702-314617A29CB3,E89C3928-BD3F-44F9-B702-314617A29CB3,Egå,Renseanlæg,-,-,,MBNDKF,10888.635184,10888.635184,155546.32434,155546.32434,33440.737576,33440.737576,1016.9791352,1016.9791352,6989931.4,6989931.4,,577088.579252375,6230436.75890151
2017-21 gennemsnit,850,999,,,,780,999,,,,Silkeborg Kommune,740,,E8FD80E6-A8B2-4F08-95A3-D563EC67E119,E8FD80E6-A8B2-4F08-95A3-D563EC67E119,Svostrup/Grauballe,Renseanlæg,-,-,,MBK,0,304.82235998,0,1787.608753,0,251.71539304,0,24.6151709758,0,44032.2,,541439,6230318
2017-21 gennemsnit,19000,999,,,,19000,999,,,,Aabenraa kommune,580,,E9220455-0503-4C19-88FF-27CAEF512027,E9220455-0503-4C19-88FF-27CAEF512027,Bov Renseanlæg,Renseanlæg,-,-,,MBNDK,3298.9082594,3298.9082594,23735.772116,23735.772116,4873,3928.1224704,781,714.81572246,894759.6,894759.6,,525615,6077675
2017-21 gennemsnit,735,999,,,,735,999,,,,SAMSØ KOMMUNE,741,,E9854ECB-976A-44F5-99D9-1849FF66DCEC,E9854ECB-976A-44F5-99D9-1849FF66DCEC,Kolby Kås + Havledning,Renseanlæg,-,-,,Rodzoneanlæg,25.535901512,25.535901512,311.22140382,311.22140382,80.750049044,80.750049044,12.568596274,12.568596274,8916.5999998,8916.5999998,,595784.000000024,6183869.99999987
2017-21 gennemsnit,100,999,,,,100,999,,,,Vordingborg kommune,390,,EA143867-5B63-428D-AB85-A415C1262835,EA143867-5B63-428D-AB85-A415C1262835,VIEMOSE ERHVERVSOMRÅDE,Renseanlæg,-,-,,Mekanisk rens.,123.048,123.048,252,252,29.384,29.384,5.0416,5.0416,654.08,654.08,,700098.000000425,6101593.99999011
2017-21 gennemsnit,60,999,,,,60,999,,,,Køge kommune,259,,EAE00630-849C-4201-914C-C721A35EAB99,EAE00630-849C-4201-914C-C721A35EAB99,Solgården,Renseanlæg,-,-,,MBN,131.68,131.68,450,450,120.92,120.92,21.712,21.712,3270.4,3270.4,,696644.00000034,6156683.99999047
2017-21 gennemsnit,1200,999,,,,1170,999,,,,Struer kommune,671,,EB2BADA4-EEC6-4D60-9DE1-00AD688EE37E,EB2BADA4-EEC6-4D60-9DE1-00AD688EE37E,Linde,Renseanlæg,-,-,,MBN,371.1303901,371.1303901,2497.922755,2497.922755,2099.0188474,2099.0188474,46.801820598,46.801820598,127950.6,127950.6,,467819,6252230
2017-21 gennemsnit,155990,999,,DKCOAST136,SWB,155990,999,,VP3II,Indsats. Renseanlæg.,Randers Kommune,730,,EB3566E8-C3D8-474A-AF0F-380E955AD81C,EB3566E8-C3D8-474A-AF0F-380E955AD81C,Randers,Renseanlæg,Indsats. Renseanlæg.,-,"N: 3,5 mg/l.",MBNDK,21104.913344,21104.913344,220692.00552,220692.00552,71553.282312,71553.282312,4213.6591014,4213.6591014,9138791,9138791,,566009.000000004,6257292.99999998
2017-21 gennemsnit,50,999,,,,10,999,,,,Lolland kommune,360,,EB428526-E818-4FBF-BECB-4FBC9ADBC7CB,EB428526-E818-4FBF-BECB-4FBC9ADBC7CB,HELLINGE HUSE,Renseanlæg,-,-,,Mekanisk rens.,0,233.2775,0,492.5154,0,55.67967,0,8.848928,0,1500.1999998,,645615.24063555,6079696.69920693
2017-21 gennemsnit,500,999,,,,495,999,,,,SAMSØ KOMMUNE,741,,EB62A13B-A31E-4DC8-9A3B-0B621108E6F6,EB62A13B-A31E-4DC8-9A3B-0B621108E6F6,Kolby,Renseanlæg,-,-,,Rodzoneanlæg,53.995956426,53.995956426,508.4229978,508.4229978,181.49325598,181.49325598,35.040193504,35.040193504,15296.4,15296.4,,598070.000000027,6184432.99999985
2017-21 gennemsnit,50,999,,,,50,999,,,,Guldborgsund Kommune,376,,EB673912-35F2-4C86-96AE-45F34D950EDC,EB673912-35F2-4C86-96AE-45F34D950EDC,NAGELSTI STRANDBY,Renseanlæg,-,-,,Mekanisk rens.,0,415.17,0,850.5,0,157.5244,0,23.86836,0,2502.3,,684415.000000442,6070530.99999417
2017-21 gennemsnit,40,999,,,,0,999,,,,Frederikssund kommune,250,,EB6BA604-1706-4500-9C9E-B3FFD05F67D9,EB6BA604-1706-4500-9C9E-B3FFD05F67D9,Bærentzens Fritidshjem,Renseanlæg,-,-,,MBN,518.04,518.04,1098,1098,141.68,141.68,24.248,24.248,3270.4,3270.4,,679493.000000326,6186242.99999428
2017-21 gennemsnit,105,999,,,,0,999,,,,Egedal Kommune,240,,EC00D4E7-29DE-4821-8E89-C31F117F8419,EC00D4E7-29DE-4821-8E89-C31F117F8419,Ny Sperrestrup,Renseanlæg,-,-,,MB,461.18,461.18,1417.6,1417.6,317.44,317.44,57.044,57.044,8584.8,8584.8,,700848.000000232,6189062.99998874
2017-21 gennemsnit,25,999,,,,25,999,,,,SAMSØ KOMMUNE,741,,ECCF5A92-E9E8-435B-8142-0123FF53358D,ECCF5A92-E9E8-435B-8142-0123FF53358D,Stauns,Renseanlæg,-,-,,Mekanisk rens.,268.5104362,268.5104362,549.6036362,549.6036362,63.5304,63.5304,10.2807272,10.2807272,1212.9999998,1212.9999998,,601035.000000031,6195862.99999982
2017-21 gennemsnit,12900,999,,DKCOAST120,SWB,10223,999,,VP3II,Indsats. Renseanlæg.,Haderslev kommune,510,,ECDEE468-A832-46C1-9926-BFEBFB1C3154,ECDEE468-A832-46C1-9926-BFEBFB1C3154,GRAM,Renseanlæg,Indsats. Renseanlæg.,-,"N: 3,5 mg/l. P: 0,1 mg/l.",MBNDK,3008.9156946,3008.9156946,38918.317776,38918.317776,4559.7945432,4559.7945432,448.10054322,448.10054322,982010.4,982010.4,,502588.999999972,6127901.00012653
2017-21 gennemsnit,4500,999,,,,4500,999,,,,Vejle Kommune,630,,ED004C31-A0D4-4DD1-87CD-9698F3545911,ED004C31-A0D4-4DD1-87CD-9698F3545911,THYREGOD RENSEANLÆG,Renseanlæg,-,-,,MBNK,637.87068166,637.87068166,5505.7517838,5505.7517838,524,956.6129047,38,51.260612566,269893.9999998,269893.9999998,,516230,6196830
2017-21 gennemsnit,4200,999,,,,4200,999,,,,Lejre kommune,350,,ED80311D-7411-4713-B092-51C5456C8E41,ED80311D-7411-4713-B092-51C5456C8E41,Lyndby,Renseanlæg,-,-,,MBNDK,682.5158201,682.5158201,6037.6221736,6037.6221736,830.1375802,830.1375802,78.241370874,78.241370874,234440,234440,,685036.000000345,6173868.99999324
2017-21 gennemsnit,12000,999,,,,5140,999,,,,Hillerød kommune,219,,EDE173A4-4D6B-495D-B448-FD82ADF5A24B,EDE173A4-4D6B-495D-B448-FD82ADF5A24B,Skævinge Centralrenseanlæg,Renseanlæg,-,-,,MBNDK,2142.6232528,2142.6232528,18044.4325678,18044.4325678,3134.6399328,3134.6399328,233.91955138,233.91955138,751516.9999998,751516.9999998,,695453.769570938,6199931.04004541
2017-21 gennemsnit,28000,999,,,,28000,999,,,,Nyborg kommune,450,,EDEE3880-BACB-4C67-AC73-3DFD97644A61,EDEE3880-BACB-4C67-AC73-3DFD97644A61,Ørbæk Renseanlæg,Renseanlæg,-,-,,MBNDK,0,1362.4461482,0,10715.7067,0,1820.055388,0,183.28691118,0,569501.2,,606656.000000041,6126189.99999976
2017-21 gennemsnit,125000,999,,,,125000,999,,,,Roskilde kommune,265,,EDF7294E-84BC-445C-8212-51BAE5528ADE,EDF7294E-84BC-445C-8212-51BAE5528ADE,Bjergmarken,Renseanlæg,-,-,,MBNDK,26337.533188,26337.533188,256091.48156,256091.48156,24883.3624,24883.3624,3553.9621426,3553.9621426,6502705.6,6502705.6,,692714.000000334,6172378.99999139
2017-21 gennemsnit,115,999,,,,99,999,,,,ODDER KOMMUNE,727,,EE0FAED3-8A81-46F2-8A08-902DFCB611FF,EE0FAED3-8A81-46F2-8A08-902DFCB611FF,Tunø,Renseanlæg,-,-,,Mekanisk rens.,1218.294,1218.294,2494.8,2494.8,370.892,370.892,61.0448,61.0448,6617.04,6617.04,,590319.000000018,6200892.9999999
2017-21 gennemsnit,8000,999,,,,8000,999,,,,Assens kommune,420,,EE670DD6-2536-40BE-AF5B-AF78240C41F6,EE670DD6-2536-40BE-AF5B-AF78240C41F6,Årup Renseanlæg,Renseanlæg,-,-,,MBNDK,0,1145.7642554,0,11308.145836,0,1517.9839702,0,185.3185865,0,678291,,565753.000000003,6137470.99999999
2017-21 gennemsnit,7400,999,,,,7400,999,,,,Odsherred kommune,306,,EE6E4165-2581-4BAC-919F-A7BDB8CF2B0E,EE6E4165-2581-4BAC-919F-A7BDB8CF2B0E,Højby Renseanlæg,Renseanlæg,-,-,,MBNDK,498.75390052,498.75390052,8074.1770926,8074.1770926,987.1393422,987.1393422,55.389354304,55.389354304,264707.41538,264707.41538,,660409.000000245,6198353.99999704
2017-21 gennemsnit,76300,999,,,,76300,999,,,,HELSINGØR KOMMUNE,217,,EF4556A1-1BE3-4E70-AFCC-B49A37B04300,EF4556A1-1BE3-4E70-AFCC-B49A37B04300,Helsingør,Renseanlæg,-,-,,MBNDK,11341.3317344,11341.3317344,54259.881217,54259.881217,12390.2998888,12390.2998888,719.53443218,719.53443218,2314938.7833332,2314938.7833332,,724777.999999233,6215012.99997714
2017-21 gennemsnit,1900,999,,,,1900,999,,,,Holbæk kommune,316,,EFCC8644-BC5C-42BC-ACB2-BF275E2E3FED,EFCC8644-BC5C-42BC-ACB2-BF275E2E3FED,BYBJERG,Renseanlæg,-,-,,MBNDK,204.4146102,204.4146102,1950.1009906,1950.1009906,193.60707248,193.60707248,33.550490868,33.550490868,63652.2,63652.2,,675038.000000317,6183053.9999951
2017-21 gennemsnit,92000,999,,,,96935,999,,,,Frederikshavn kommune,813,,EFDCF5A7-EDFB-40CD-87E7-4686A0A0F7B2,EFDCF5A7-EDFB-40CD-87E7-4686A0A0F7B2,Sæby,Renseanlæg,-,-,,MBNDK,13856.64701,13856.64701,115472.425976,115472.425976,10102.102234,10102.102234,1419.8219498,1419.8219498,2568961.8,2568961.8,,592921.00000002,6354876.99999986
2017-21 gennemsnit,135000,999,,,,92383,999,,,,Frederikshavn kommune,813,,F07FC1F9-85C0-4C8B-80EE-F9F2A4DF9021,F07FC1F9-85C0-4C8B-80EE-F9F2A4DF9021,Frederikshavn,Renseanlæg,-,-,,MBNDK,30992.347664,30992.347664,218603.0618,218603.0618,40075.220056,40075.220056,2376.6101184,2376.6101184,5562216.6,5562216.6,,592306.000000019,6365919.99999986
2017-21 gennemsnit,800,999,,,,192,999,,,,Rebild Kommune,840,,F0A50F76-292C-45ED-94D4-37A861348308,F0A50F76-292C-45ED-94D4-37A861348308,Korup,Renseanlæg,-,-,,Bassinanlæg,0,535.95045,0,882,0,436.14576666,0,40.647686666,0,74089.92,,568128.000000004,6292267.99999998
2017-21 gennemsnit,137,999,,,,137,999,,,,Vordingborg kommune,390,,F0FC421B-990F-4E16-9DD9-B60E3B79DBEF,F0FC421B-990F-4E16-9DD9-B60E3B79DBEF,SKIPPERBYEN,Renseanlæg,-,-,,Mekanisk rens.,1537.2,1537.2,3150,3150,367.2,367.2,62.16,62.16,8176,8176,,693708.000000453,6090143.99999198
2017-21 gennemsnit,70,999,,,,70,999,,,,RINGSTED KOMMUNE,329,,F180D941-8C2A-4A4C-9FB2-86D57FA94D9B,F180D941-8C2A-4A4C-9FB2-86D57FA94D9B,Renseanlæg ved Giesegård,Renseanlæg,-,-,,MBNDK,30.8,30.8,126,126,6.16,6.16,1,1,551.6,551.6,,685813.917248378,6145573.73056664
2017-21 gennemsnit,145,999,,,,145,999,,,,Slagelse kommune,330,,F188C512-057A-411B-A09E-92A3661BE19F,F188C512-057A-411B-A09E-92A3661BE19F,Hyllested,Renseanlæg,-,-,,MBBR,149.5,149.5,1094.18,1094.18,250.5,250.5,41.86,41.86,9434.4,9434.4,,654339.000000237,6127279.99999777
2017-21 gennemsnit,22500,999,,,,22500,999,,,,Roskilde kommune,265,,F1DAFC4A-47A7-4944-B71E-DA4B7322283E,F1DAFC4A-47A7-4944-B71E-DA4B7322283E,Viby,Renseanlæg,-,-,,MBNDK,1225.8787018,1225.8787018,14421.935456,14421.935456,2317.2961036,2317.2961036,146.14103144,146.14103144,760996.2,760996.2,,690428.000000358,6160459.9999921
2017-21 gennemsnit,9130,999,,,,9130,999,,,,Assens kommune,420,,F22F7863-F672-488B-97EA-0D9B2F76859F,F22F7863-F672-488B-97EA-0D9B2F76859F,Å Strand Renseanlæg,Renseanlæg,-,-,,MBNDK,0,375.09767542,0,3940.0074678,0,760.7202106,0,54.39328918,0,178296.8,,561300.000000002,6118999.99999999
2017-21 gennemsnit,96000,999,,,,81400,999,,,,Aalborg kommune,851,,F25F76D3-6F40-481D-BB5A-7FAB8F032B32,F25F76D3-6F40-481D-BB5A-7FAB8F032B32,Aalborg Øst,Renseanlæg,-,-,,MBNDK,16780.133584,16780.133584,224819.92532,224819.92532,34300,39480.005626,4200,4616.258125,6711898.6,6711898.6,,564631.000000003,6323304.99999998
2017-21 gennemsnit,11517,999,,,,11517,999,,,,Lejre kommune,350,,F2B10E53-9540-4315-B2D2-FB0372B87FD7,F2B10E53-9540-4315-B2D2-FB0372B87FD7,Hvalsø,Renseanlæg,-,-,,MBNDKL,1710.5225642,1710.5225642,19459.54122,19459.54122,1765.7226454,1765.7226454,163.00880506,163.00880506,773599.4,773599.4,,678829.000000342,6165807.99999455
2017-21 gennemsnit,2800,999,,,,2057,999,,,,Haderslev kommune,510,,F2BFFA5E-4818-4013-AE65-F36291FC0212,F2BFFA5E-4818-4013-AE65-F36291FC0212,ÅRØSUND,Renseanlæg,-,-,,MK,9092.0365946,9092.0365946,26492.657432,26492.657432,9809.328878,9809.328878,330.53317304,330.53317304,330537.2,330537.2,,544919,6124463
2017-21 gennemsnit,9100,999,,,,9100,999,,,,Varde kommune,573,,F3028694-081A-495F-9E93-C8C7ABF9A755,F3028694-081A-495F-9E93-C8C7ABF9A755,Nr. Nebel Renseanlæg,Renseanlæg,-,-,,MBNDK,946.955535,946.955535,13799.552342,13799.552342,1578.6781776,1578.6781776,123.5336673,123.5336673,646903.6,646903.6,,455556,6182466
2017-21 gennemsnit,20000,999,,,,20328,999,,,,Guldborgsund Kommune,376,,F30503AE-50ED-4D14-AD1E-A785EF56A3A4,F30503AE-50ED-4D14-AD1E-A785EF56A3A4,Marielyst Renseanlæg,Renseanlæg,-,-,,MBNDK,2579.3725544,2579.3725544,41942.046072,41942.046072,3509.9969406,3509.9969406,775.9229934,775.9229934,1160296.3834,1160296.3834,,689809.000000473,6065133.99999311
2017-21 gennemsnit,600,999,,,,600,999,,,,Kalundborg kommune,326,,F3333847-BE11-472C-8A5B-C1EAE8BD4831,F3333847-BE11-472C-8A5B-C1EAE8BD4831,SEJERØ RENSEANLÆG,Renseanlæg,-,-,,MBN,1976.4,1976.4,6750,6750,1814.4,1814.4,325.84,325.84,49056,49056,,634148.00000012,6195759.99999899
2017-21 gennemsnit,100,999,,,,100,999,,,,SAMSØ KOMMUNE,741,,F3CC5E5B-DE7E-4094-8448-3BAB2FB33C78,F3CC5E5B-DE7E-4094-8448-3BAB2FB33C78,Østerby,Renseanlæg,-,-,,Rodzoneanlæg,8.9502666454,8.9502666454,112.349209098,112.349209098,35.23798848,35.23798848,4.0808162104,4.0808162104,4008.7999998,4008.7999998,,599938.000000029,6190834.99999983
2017-21 gennemsnit,30000,999,,,,16600,999,,,,Kolding kommune,621,,F3FBDA47-237A-4AC9-A486-8B3333C8AEE9,F3FBDA47-237A-4AC9-A486-8B3333C8AEE9,CHRISTIANSFELD RENSEANLÆG,Renseanlæg,-,-,,MBNDK,5630.7677034,5630.7677034,34073.356384,34073.356384,3432.5529618,3432.5529618,1203.39785566,1203.39785566,1012946,1012946,,531571,6134253
2017-21 gennemsnit,16000,999,,,,16000,999,,,,Egedal Kommune,240,,F4006E1F-4A2F-41BF-A594-99B09927EB1E,F4006E1F-4A2F-41BF-A594-99B09927EB1E,Stenløse,Renseanlæg,-,-,,MBNDKL,1904.5312782,1904.5312782,23447.7957398,23447.7957398,1848.0587204,1848.0587204,492.759143,492.759143,998102.5165998,998102.5165998,,700898.000000244,6183642.9999888
2017-21 gennemsnit,24500,999,,,,24500,999,,,,SOLRØD KOMMUNE,269,,F49972C3-96D4-4738-8670-D581848C1CBA,F49972C3-96D4-4738-8670-D581848C1CBA,Solrød,Renseanlæg,-,-,,MBNDK,7404.597718,7404.597718,65544.212932,65544.212932,6661.0297066,6661.0297066,1106.7925174,1106.7925174,2017076.8,2017076.8,,704358.000000261,6158270.99998797
2017-21 gennemsnit,5000,999,,,,5000,999,,,,Sønderborg kommune,540,,F4E1CBC6-DBDC-4C2A-B73A-1DBBDC503DE0,F4E1CBC6-DBDC-4C2A-B73A-1DBBDC503DE0,HUMMELVIG,Renseanlæg,-,-,,MBNDK,1409.3490966,1409.3490966,10008.6963288,10008.6963288,1137.3804726,1137.3804726,125.0380344,125.0380344,490474.2,490474.2,,568670.000000004,6083704.99999998
2017-21 gennemsnit,23753,999,,,,23753,999,,,,Syddjurs kommune,706,,F510B594-E0F8-4DEE-BECB-6EA59C323BAA,F510B594-E0F8-4DEE-BECB-6EA59C323BAA,Boeslum,Renseanlæg,-,-,,MBNDK,0,3600.0478064,0,31555.947778,0,3153.2853422,0,442.55975724,0,999931.2,,608216.000000043,6229609.99999971
2017-21 gennemsnit,20,999,,,,20,999,,,,Holbæk kommune,316,,F536B733-B287-452E-BA4F-159A91A2136F,F536B733-B287-452E-BA4F-159A91A2136F,SØTOFTEGÅRD,Renseanlæg,-,-,,Mekanisk rens.,307.52,307.52,630,630,73.48,73.48,12.504,12.504,1635.2,1635.2,,669928.000000311,6155112.99999604
2017-21 gennemsnit,41600,999,,,,41600,999,,,,Halsnæs kommune,260,,F54C88AA-AF94-4EE0-B57E-C8590E9B3266,F54C88AA-AF94-4EE0-B57E-C8590E9B3266,Melby,Renseanlæg,-,-,,MBNDK,19304.4453414,19304.4453414,130049.712506,130049.712506,15198.896113,15198.896113,1295.7728322,1295.7728322,3288705,3288705,,683358.000000303,6212059.99999329
2017-21 gennemsnit,40,999,,,,40,999,,,,Ærø Kommune,492,,F60907FB-3F6D-4DDC-8ACF-249002C5AFBE,F60907FB-3F6D-4DDC-8ACF-249002C5AFBE,Vester Møllegård Renseanlæg,Renseanlæg,-,-,,BS  Biologisk sandfilter,175.64,175.64,540,540,120.92,120.92,21.712,21.712,3270.4,3270.4,,582020.000000011,6087359.99999995
2017-21 gennemsnit,8500,999,,,,7500,999,,,,Rebild Kommune,840,,F681F0F9-8600-4127-92C7-EA2C05FD653C,F681F0F9-8600-4127-92C7-EA2C05FD653C,Nørager,Renseanlæg,-,-,,MBNDK,0,998.599181,0,11168.983012,0,1456.6403074,0,269.0830403,0,244052.4,,538596,6284138
2017-21 gennemsnit,17300,999,,,,17300,999,,,,Ikast-Brande kommune,756,,F7C7BCD0-A6FB-4AD7-AA5C-B9C801440E6D,F7C7BCD0-A6FB-4AD7-AA5C-B9C801440E6D,Brande Renseanlæg,Renseanlæg,-,-,,MBNDK,5721.0327562,5721.0327562,52740.324354,52740.324354,6926,4492.2736926,1069,540.84796928,1690486.8834,1690486.8834,,506460,6201366
2017-21 gennemsnit,450,999,,,,450,999,,,,Tønder kommune,550,,F943417A-3FC4-461C-9FF3-0CA1AE28F626,F943417A-3FC4-461C-9FF3-0CA1AE28F626,REJSBY,Renseanlæg,-,-,,MBN,260.13469606,260.13469606,2340.3466784,2340.3466784,519.11217118,519.11217118,103.2095072,103.2095072,55600.6,55600.6,,482164,6121562
2017-21 gennemsnit,75,999,,,,75,999,,,,Lejre kommune,350,,FA5D419C-71C9-40D9-B4BC-90761362D89E,FA5D419C-71C9-40D9-B4BC-90761362D89E,Roskildehjemmet,Renseanlæg,-,-,,MBN,230.59,230.59,787.6,787.6,211.76,211.76,37.976,37.976,5723.2,5723.2,,691489.000000348,6165815.99999178
2017-21 gennemsnit,8000,999,,,,8000,999,,,,Næstved kommune,370,,FA9C9BAC-79E9-45C5-A4EB-481955DCC3A6,FA9C9BAC-79E9-45C5-A4EB-481955DCC3A6,FUGLEBJERG RENSEANLÆG,Renseanlæg,-,-,,MBNDK,1226.6099428,1226.6099428,12078.781964,12078.781964,1572.002441,1572.002441,207.26955796,207.26955796,542724.6,542724.6,,662418.000000278,6128978.99999707
2017-21 gennemsnit,23000,999,,,,38000,999,,,,Hjørring kommune,860,,FAD8FF47-9CED-4FCB-A411-BF1B69128CF1,FAD8FF47-9CED-4FCB-A411-BF1B69128CF1,Nr. Lyngby,Renseanlæg,-,-,,MBNDK,3931.2628642,3931.2628642,30456.928992,30456.928992,3221.8558984,3221.8558984,466.51594022,466.51594022,1019256,1019256,,543828,6361707
2017-21 gennemsnit,0,999,,,,0,999,,,,Favrskov kommune,710,,favrskov-nyt,favrskov-nyt,Favrskov (NYT),Renseanlæg,-,-,,MBNDK,0,0,0,0,15000,0,1250,0,0,0,,555340,6248950
2017-21 gennemsnit,100,999,,,,200,999,,,,Sønderborg kommune,540,,FB1965FF-752C-41D1-B5D9-4D0CD225F820,FB1965FF-752C-41D1-B5D9-4D0CD225F820,SØNDERKOBBEL STRAND CAMPING,Renseanlæg,-,-,,Mekanisk rens.,3074.4,3074.4,6300,6300,734.4,734.4,124.12,124.12,16352,16352,,561572.000000003,6078527.99999999
2017-21 gennemsnit,1200,999,,,,1200,999,,,,Vordingborg kommune,390,,FB29692E-ED8B-4F4B-B9C6-B5B9AD4D1444,FB29692E-ED8B-4F4B-B9C6-B5B9AD4D1444,RÅBYLILLE STRAND,Renseanlæg,-,-,,MBS,168.96809546,168.96809546,1989.2987688,1989.2987688,1152.128057,1152.128057,123.8339353,123.8339353,46059.2,46059.2,,717198.000000214,6096662.99998393
2017-21 gennemsnit,145,999,,,,260,999,,,,SAMSØ KOMMUNE,741,,FB3ED8C6-F031-4DDA-AC67-D6F515904115,FB3ED8C6-F031-4DDA-AC67-D6F515904115,Ørby,Renseanlæg,-,-,,Rodzoneanlæg,23.87651932,23.87651932,198.73391482,198.73391482,58.526308098,58.526308098,19.129567498,19.129567498,6372.7999998,6372.7999998,,598822.000000028,6182354.99999984
2017-21 gennemsnit,5591,999,,,,5591,999,,,,Syddjurs kommune,706,,FB661475-3F6D-4CDB-8350-F63837627A15,FB661475-3F6D-4CDB-8350-F63837627A15,Rønde,Renseanlæg,-,-,,MBNDK,0,1130.8912078,0,9856.2321424,0,1541.4737374,0,100.32230694,0,470500.2,,590147.000000017,6240432.9999999
2017-21 gennemsnit,1500,999,,,,1500,999,,,,Skive kommune,779,,FBEED4FB-CC89-4603-9E60-8BE988D56017,FBEED4FB-CC89-4603-9E60-8BE988D56017,Selde,Renseanlæg,-,-,,MBNDK,351.96567682,351.96567682,3714.499285,3714.499285,798.4535264,798.4535264,67.861234718,67.861234718,170200.6,170200.6,,501556,6295204
2017-21 gennemsnit,2200,999,,,,2050,999,,,,Gribskov kommune,270,,FC1730A7-64CF-4B08-99A5-20F969D09946,FC1730A7-64CF-4B08-99A5-20F969D09946,Vejby,Renseanlæg,-,-,,MBNDKF,0,524.6843726,0,4909.4292414,0,1312.5290414,0,52.344121334,0,263298.4,,695378.000000234,6217392.99999012
2017-21 gennemsnit,1000,999,,,,1000,999,,,,Faxe kommune,320,,FDA7C28A-894A-4377-A0A8-0EC41CB6DF6C,FDA7C28A-894A-4377-A0A8-0EC41CB6DF6C,VEMMETOFTE CAMPING,Renseanlæg,-,-,,MBNK,1756.8,1756.8,7200,7200,2419.2,2419.2,62.16,62.16,65408,65408,,706716.000000316,6125099.99998763
2017-21 gennemsnit,120,999,,,,400,999,,,,Tønder kommune,550,,FE8B43D4-C5DA-4414-AB41-EA4506EDE850,FE8B43D4-C5DA-4414-AB41-EA4506EDE850,RENBÆKLEJREN,Renseanlæg,-,-,,MB,150.72341434,150.72341434,1206.92313316,1206.92313316,445.20287552,445.20287552,39.57245,39.57245,23064.808888,23064.808888,,492315,6114722
2017-21 gennemsnit,145,999,,,,145,999,,,,Slagelse kommune,330,,FE9E4846-FD2D-4E90-8834-51F883FE68BF,FE9E4846-FD2D-4E90-8834-51F883FE68BF,Hejninge Renseanlæg,Renseanlæg,-,-,,MBBR,3.78,3.78,33.62,33.62,14.92,14.92,2.58,2.58,1080.4,1080.4,,643793.517248445,6141267.93056662
2017-21 gennemsnit,30,999,,,,30,999,,,,Varde kommune,573,,FF24B015-10B6-4327-BC34-4893F57BEB15,FF24B015-10B6-4327-BC34-4893F57BEB15,Hostrup Renseanlæg,Renseanlæg,-,-,,MB,26.4,26.4,81,81,18.48,18.48,3.02,3.02,236.4,236.4,,481925.132068846,6168769.85849061
2017-21 gennemsnit,47777,999,,,,70000,999,,,,Faaborg-Midtfyn kommune,430,,FFC96063-A3D4-4F91-A79C-55352976B5EF,FFC96063-A3D4-4F91-A79C-55352976B5EF,Fåborg Renseanlæg,Renseanlæg,-,-,,MBNDK,10356.1934824,10356.1934824,104833.77508,104833.77508,18640.73698,18640.73698,1689.7467806,1689.7467806,4884880.8,4884880.8,,576660.000000008,6102149.99999997
2017-21 gennemsnit,0,999,,,,0,999,,,,Hillerød kommune,219,,hcrsyd-haveseaa-nyt,hcrsyd-haveseaa-nyt,"HCRSyd, Havelse Å (NYT)",Renseanlæg,-,-,,MBNDK,0,0,0,0,1927,0,270,0,0,0,,704750,6199870
2017-21 gennemsnit,0,999,,,,0,999,,,,Aarhus Kommune,751,,rewater-Aarhus-nyt,rewater-Aarhus-nyt,REWATER Aarhus (NYT),Renseanlæg,-,-,,0,0,0,0,0,168000,0,7750,0,0,0,,578532,6219700
2017-21 gennemsnit,0,999,,,,0,999,,,,Nordfyns Kommune,480,,vcs-nyt,vcs-nyt,Ny havledning (VCS) (NYT),Renseanlæg,-,-,,MBNDK,0,0,0,0,13000,0,1000,0,0,0,,587194.4,6164548.7
